-- phpMyAdmin SQL Dump
-- version 3.3.10deb1
-- http://www.phpmyadmin.net
--
-- Host: localhost
-- Generation Time: Jan 14, 2012 at 09:08 AM
-- Server version: 5.1.54
-- PHP Version: 5.3.5-1ubuntu7.4

SET SQL_MODE="NO_AUTO_VALUE_ON_ZERO";


/*!40101 SET @OLD_CHARACTER_SET_CLIENT=@@CHARACTER_SET_CLIENT */;
/*!40101 SET @OLD_CHARACTER_SET_RESULTS=@@CHARACTER_SET_RESULTS */;
/*!40101 SET @OLD_COLLATION_CONNECTION=@@COLLATION_CONNECTION */;
/*!40101 SET NAMES utf8 */;

--
-- Database: `pastonpaper_development`
--

-- --------------------------------------------------------

--
-- Table structure for table `attribute_documents`
--

CREATE TABLE IF NOT EXISTS `attribute_documents` (
  `id` int(11) NOT NULL AUTO_INCREMENT,
  `document_id` int(11) DEFAULT NULL,
  `attribute_type_id` int(11) DEFAULT NULL,
  `value` varchar(255) DEFAULT NULL,
  `on_date` date DEFAULT NULL,
  `created_at` datetime DEFAULT NULL,
  `updated_at` datetime DEFAULT NULL,
  PRIMARY KEY (`id`)
) ENGINE=MyISAM  DEFAULT CHARSET=latin1 AUTO_INCREMENT=92 ;

--
-- Dumping data for table `attribute_documents`
--

INSERT INTO `attribute_documents` (`id`, `document_id`, `attribute_type_id`, `value`, `on_date`, `created_at`, `updated_at`) VALUES
(73, 84, 1, 'J H Goddon, Haverhill & Sawston', NULL, '2011-12-23 08:40:09', '2011-12-23 08:40:09'),
(67, 83, 2, 'William Cavell, Holborn, London', '1773-01-01', '2011-12-22 19:13:22', '2011-12-22 19:13:22'),
(59, 74, 6, 'The Cheapside Photo Company, Southampton', NULL, '2011-12-19 19:44:07', '2011-12-19 19:44:07'),
(4, 7, 1, 'Thomas Harrison, Warwick Lane, London', NULL, '2011-12-15 21:36:35', '2011-12-15 21:36:35'),
(5, 8, 7, 'Thomas Goddard', NULL, '2011-12-15 22:18:54', '2011-12-15 22:18:54'),
(6, 10, 7, 'Timothey Lewis', '1764-10-19', '2011-12-15 22:46:23', '2011-12-15 22:46:23'),
(7, 12, 2, 'Delittle, Fenwick & Co, York', NULL, '2011-12-16 21:33:25', '2011-12-16 21:33:25'),
(8, 16, 2, 'G, D & D, London', NULL, '2011-12-16 21:50:04', '2011-12-16 21:50:04'),
(9, 17, 1, 'Gale & Polden Ltd', NULL, '2011-12-16 22:19:38', '2011-12-16 22:19:38'),
(10, 18, 2, 'G, D & D, London', NULL, '2011-12-16 22:22:48', '2011-12-16 22:22:48'),
(11, 19, 2, 'Jarrold and Sons Ltd, Norwich, England', NULL, '2011-12-16 22:25:46', '2011-12-16 22:25:46'),
(12, 19, 1, 'Jarrold and Sons Ltd, Norwich, England', NULL, '2011-12-16 22:25:46', '2011-12-16 22:25:46'),
(13, 20, 2, 'The Photochrom Co. Ltd., London and Tunbridge Wells', NULL, '2011-12-16 22:29:03', '2011-12-16 22:29:03'),
(14, 22, 2, 'Valentine & Sons Ltd, Dundee and London', NULL, '2011-12-16 23:35:38', '2011-12-16 23:35:38'),
(15, 23, 2, 'Frith', NULL, '2011-12-16 23:37:24', '2011-12-16 23:37:24'),
(16, 24, 2, 'Jarrold and Sons Ltd, Norwich, England', NULL, '2011-12-16 23:39:57', '2011-12-16 23:39:57'),
(17, 25, 5, 'E Peacock, Devizes', NULL, '2011-12-17 00:24:11', '2011-12-17 00:24:11'),
(18, 27, 2, 'Valentine & Sons Ltd, Dundee and London', NULL, '2011-12-17 00:28:18', '2011-12-17 00:28:18'),
(19, 28, 2, 'Kingsway Real Photo Series', NULL, '2011-12-17 00:31:46', '2011-12-17 00:31:46'),
(20, 29, 2, 'J W Saundry, Chapel Street, Penzance', NULL, '2011-12-17 00:33:32', '2011-12-17 00:33:32'),
(21, 30, 2, 'Valentine & Sons Ltd, Dundee and London', NULL, '2011-12-17 00:36:08', '2011-12-17 00:36:08'),
(22, 31, 2, 'Valentine & Sons Ltd, Dundee and London', NULL, '2011-12-17 00:37:47', '2011-12-17 00:37:47'),
(23, 32, 2, 'Photochrom Co. Ltd., London and Tunbridge Wells', NULL, '2011-12-17 00:39:57', '2011-12-17 00:39:57'),
(24, 34, 2, 'Photochrom Co. Ltd., London and Tunbridge Wells', NULL, '2011-12-17 00:46:18', '2011-12-17 00:46:18'),
(25, 35, 2, 'The Photochrom Co. Ltd., London and Tunbridge Wells', NULL, '2011-12-17 00:49:16', '2011-12-17 00:49:16'),
(26, 36, 2, 'Raphael Tuck & Sons Ltd', NULL, '2011-12-17 00:51:18', '2011-12-17 00:51:18'),
(27, 37, 1, 'Walter Scott, Bradford', NULL, '2011-12-17 08:31:15', '2011-12-17 08:31:15'),
(28, 39, 2, 'Photochrom Co. Ltd., London and Tunbridge Wells', NULL, '2011-12-17 09:25:40', '2011-12-17 09:25:40'),
(29, 40, 2, 'The R R 9Postcards) Ltd., London EC4', NULL, '2011-12-17 09:29:15', '2011-12-17 09:29:15'),
(30, 41, 2, 'Photochrom Co. Ltd., London and Tunbridge Wells', NULL, '2011-12-17 20:02:02', '2011-12-17 20:02:02'),
(31, 42, 2, 'Excel', NULL, '2011-12-18 21:06:03', '2011-12-18 21:06:03'),
(32, 43, 2, 'Photochrom Co. Ltd., London and Tunbridge Wells', NULL, '2011-12-18 21:07:50', '2011-12-18 21:07:50'),
(33, 44, 2, 'Photochrom Co. Ltd., Royal Tunbridge Wells', NULL, '2011-12-18 21:09:39', '2011-12-18 21:09:39'),
(34, 45, 9, 'Andrew Beer', NULL, '2011-12-18 21:11:31', '2011-12-18 21:11:31'),
(35, 46, 2, 'Richards, Tobacconist, Lynmouth', NULL, '2011-12-18 21:13:08', '2011-12-18 21:13:08'),
(36, 47, 2, 'Photochrom Co. Ltd., Royal Tunbridge Wells', NULL, '2011-12-18 21:14:33', '2011-12-18 21:14:33'),
(37, 48, 2, 'Shurey''s Publication', NULL, '2011-12-18 21:17:37', '2011-12-18 21:17:37'),
(38, 49, 2, 'Dearden & Wade, Bournemouth', NULL, '2011-12-18 21:19:04', '2011-12-18 21:19:04'),
(39, 50, 2, 'H C Sheppard Art Gallery, Lynmouth', NULL, '2011-12-18 21:22:37', '2011-12-18 21:22:37'),
(40, 51, 2, 'F Frith & Co Ltd, Reigate', NULL, '2011-12-18 21:45:37', '2011-12-18 21:45:37'),
(41, 52, 9, 'Andrew Beer', NULL, '2011-12-18 21:50:05', '2011-12-18 21:50:05'),
(42, 53, 2, 'F Frith & Co Ltd, Reigate', NULL, '2011-12-18 21:51:34', '2011-12-18 21:51:34'),
(43, 54, 2, 'E A Sweetman & Son Ltd, Tunbridge Wells', NULL, '2011-12-18 21:53:19', '2011-12-18 21:53:19'),
(44, 55, 2, 'J Salmon Ltd, Sevenoaks, England', NULL, '2011-12-18 22:03:02', '2011-12-18 22:03:02'),
(45, 55, 9, 'M F Peck', NULL, '2011-12-18 22:03:02', '2011-12-18 22:03:02'),
(46, 56, 2, 'Nigh', NULL, '2011-12-18 22:05:57', '2011-12-18 22:05:57'),
(47, 57, 2, 'T. Piper, Carisbrooke', NULL, '2011-12-18 22:08:18', '2011-12-18 22:08:18'),
(48, 59, 2, 'T. Piper, Carisbrooke', NULL, '2011-12-18 22:16:42', '2011-12-18 22:16:42'),
(49, 61, 2, 'J Salmon Ltd, Sevenoaks, England', NULL, '2011-12-18 22:22:03', '2011-12-18 22:22:03'),
(50, 62, 2, 'Nigh, Ventnor, Isle of Wight', NULL, '2011-12-18 22:25:10', '2011-12-18 22:25:10'),
(51, 63, 2, 'T. Piper, Carisbrooke', NULL, '2011-12-18 22:26:48', '2011-12-18 22:26:48'),
(52, 64, 2, 'Nigh, Ventnor, Isle of Wight', NULL, '2011-12-18 22:33:03', '2011-12-18 22:33:03'),
(53, 67, 2, 'Photochrom Co. Ltd., Royal Tunbridge Wells', NULL, '2011-12-18 22:46:16', '2011-12-18 22:46:16'),
(54, 68, 2, 'Nigh, Ventnor, Isle of Wight', NULL, '2011-12-18 22:49:21', '2011-12-18 22:49:21'),
(55, 69, 2, 'G Dean & Co (Sandown) Ltd., Isle of Wight', NULL, '2011-12-18 22:51:20', '2011-12-18 22:51:20'),
(56, 70, 2, 'Nigh, Ventnor, Isle of Wight', NULL, '2011-12-18 22:55:26', '2011-12-18 22:55:26'),
(57, 72, 2, 'Nigh, Ventnor, Isle of Wight', NULL, '2011-12-18 23:01:26', '2011-12-18 23:01:26'),
(58, 73, 2, 'Harvey Barton and Sons Ltd, Bristol', NULL, '2011-12-18 23:06:13', '2011-12-18 23:06:13'),
(60, 75, 6, 'The London Stereoscopic and Photographic Company', NULL, '2011-12-19 20:10:57', '2011-12-19 20:10:57'),
(61, 76, 6, 'Charles Faulkner''s Day & Electric Light Studios', NULL, '2011-12-19 20:13:15', '2011-12-19 20:13:15'),
(62, 77, 6, 'Mr Thredders Royal Photographic Institution, Weymouth', NULL, '2011-12-19 20:19:17', '2011-12-19 20:19:17'),
(63, 79, 6, 'Sowden & Sons, Middleton Junction', NULL, '2011-12-19 20:34:04', '2011-12-19 20:34:04'),
(64, 80, 6, 'W G Tutt, 234 Hight Street, Tottenham', NULL, '2011-12-19 20:37:07', '2011-12-19 20:37:07'),
(65, 81, 6, 'B J Edwards, 6 The Grove, Hackney', NULL, '2011-12-19 20:38:45', '2011-12-19 20:38:45'),
(66, 82, 6, 'Johnston & Co, 60 High Street, Stoke Newington', NULL, '2011-12-19 20:40:47', '2011-12-19 20:40:47'),
(68, 83, 1, 'William Cavell, Holborn, London', '1773-01-01', '2011-12-22 19:13:22', '2011-12-22 19:13:22'),
(69, 83, 4, 'J Barber,  Newcastle', '1773-01-01', '2011-12-22 19:13:22', '2011-12-22 19:13:22'),
(70, 83, 4, 'C Etherington, York', '1773-01-01', '2011-12-22 19:13:22', '2011-12-22 19:13:22'),
(71, 83, 4, ' Fletcher and Hodson, at Cambridge', '1773-01-01', '2011-12-22 19:13:22', '2011-12-22 19:13:22'),
(72, 83, 4, 'Wilson, Dublin', '1773-01-01', '2011-12-22 19:13:22', '2011-12-22 19:13:22'),
(74, 85, 6, 'Charles Faulkner''s Day & Electric Light Studios', NULL, '2011-12-26 20:22:54', '2011-12-26 20:22:54'),
(75, 86, 6, 'Frank Sands, Prospect Road, Old Brompton, Kent', NULL, '2011-12-26 20:26:25', '2011-12-26 20:26:25'),
(76, 87, 5, 'George Moss', NULL, '2011-12-26 20:30:38', '2011-12-26 20:30:38'),
(77, 87, 6, 'Fine Art Studio, Haverhill', NULL, '2011-12-26 20:30:38', '2011-12-26 20:30:38'),
(78, 88, 6, 'Ayers Photographic Studio, Yarmouth', NULL, '2011-12-26 20:34:49', '2011-12-26 20:34:49'),
(79, 89, 6, 'Ellis & Burvill, Photographers and Minature Painters, London', NULL, '2011-12-26 20:37:53', '2011-12-26 20:37:53'),
(80, 90, 1, 'The London Printing and Publishing Company', NULL, '2011-12-26 20:48:41', '2011-12-26 20:48:41'),
(81, 90, 2, 'The London Printing and Publishing Company', NULL, '2011-12-26 20:48:41', '2011-12-26 20:48:41'),
(82, 91, 2, 'A Fullerton And Co, London, Edinburgh & Dublin', NULL, '2011-12-26 21:17:16', '2011-12-26 21:17:16'),
(83, 92, 2, 'J Wilkie', '1778-01-01', '2011-12-26 21:27:40', '2011-12-26 21:34:57'),
(84, 93, 2, 'The British and Foreign Bible Society', '1885-01-01', '2011-12-27 20:02:35', '2011-12-27 20:02:35'),
(85, 93, 1, 'Oxford University Press', '1885-01-01', '2011-12-27 20:02:35', '2011-12-27 20:02:35'),
(86, 94, 2, 'Thomas Coke', '1803-01-01', '2011-12-28 21:03:34', '2011-12-28 21:03:34'),
(87, 94, 4, 'G Whitfield, City Road, London', '1803-01-01', '2011-12-28 21:03:34', '2011-12-28 21:03:34'),
(88, 95, 2, 'Oswald Syers, Market Street, Manchester', '1813-01-01', '2011-12-28 21:38:01', '2011-12-28 21:38:01'),
(89, 97, 5, 'Christian Mayne', '2012-01-08', '2012-01-08 17:22:59', '2012-01-08 17:22:59'),
(90, 98, 5, 'Christian Mayne', '2012-01-08', '2012-01-08 17:38:23', '2012-01-08 17:38:23'),
(91, 99, 5, 'Christian Mayne', '2012-01-08', '2012-01-08 17:54:08', '2012-01-08 17:54:08');

-- --------------------------------------------------------

--
-- Table structure for table `attribute_types`
--

CREATE TABLE IF NOT EXISTS `attribute_types` (
  `id` int(11) NOT NULL AUTO_INCREMENT,
  `name` varchar(255) DEFAULT NULL,
  `description` text,
  `created_at` datetime DEFAULT NULL,
  `updated_at` datetime DEFAULT NULL,
  PRIMARY KEY (`id`)
) ENGINE=MyISAM  DEFAULT CHARSET=latin1 AUTO_INCREMENT=10 ;

--
-- Dumping data for table `attribute_types`
--

INSERT INTO `attribute_types` (`id`, `name`, `description`, `created_at`, `updated_at`) VALUES
(1, 'Printer', 'printer', '2011-11-28 11:58:29', '2011-11-28 11:58:29'),
(2, 'Publisher', 'publisher', '2011-11-28 11:58:42', '2011-11-28 11:58:42'),
(4, 'Seller', 'seller', '2011-12-01 22:31:30', '2011-12-01 22:31:30'),
(5, 'Photographer', '', '2011-12-01 22:31:41', '2011-12-01 22:31:41'),
(6, 'Studio', '', '2011-12-01 22:31:51', '2011-12-01 22:31:51'),
(7, 'Author', '', '2011-12-15 22:18:25', '2011-12-15 22:18:25'),
(9, 'Artist', '', '2011-12-18 21:10:02', '2011-12-18 21:10:02');

-- --------------------------------------------------------

--
-- Table structure for table `documents`
--

CREATE TABLE IF NOT EXISTS `documents` (
  `id` int(11) NOT NULL AUTO_INCREMENT,
  `status_id` int(11) DEFAULT NULL,
  `document_type_id` int(11) DEFAULT NULL,
  `user_id` int(11) DEFAULT NULL,
  `name` varchar(255) DEFAULT NULL,
  `title` text,
  `length` int(11) DEFAULT NULL,
  `width` int(11) DEFAULT NULL,
  `weight` int(11) DEFAULT NULL,
  `depth` int(11) DEFAULT NULL,
  `edition` int(11) DEFAULT NULL,
  `pages` int(11) DEFAULT NULL,
  `condition` text,
  `binding` text,
  `comment` text,
  `stock_number` varchar(255) DEFAULT NULL,
  `purchase_date` date DEFAULT NULL,
  `purchase_price` decimal(10,0) DEFAULT NULL,
  `purchase_vendor` varchar(255) DEFAULT NULL,
  `sale_date` date DEFAULT NULL,
  `sale_price` decimal(10,0) DEFAULT NULL,
  `sale_purchaser` varchar(255) DEFAULT NULL,
  `created_at` datetime DEFAULT NULL,
  `updated_at` datetime DEFAULT NULL,
  `is_deleted` tinyint(1) DEFAULT '0',
  PRIMARY KEY (`id`)
) ENGINE=MyISAM  DEFAULT CHARSET=latin1 AUTO_INCREMENT=100 ;

--
-- Dumping data for table `documents`
--

INSERT INTO `documents` (`id`, `status_id`, `document_type_id`, `user_id`, `name`, `title`, `length`, `width`, `weight`, `depth`, `edition`, `pages`, `condition`, `binding`, `comment`, `stock_number`, `purchase_date`, `purchase_price`, `purchase_vendor`, `sale_date`, `sale_price`, `sale_purchaser`, `created_at`, `updated_at`, `is_deleted`) VALUES
(84, 4, 2, 1, 'Carte De Visite of an Unidentified Child (Haverhill or Sawston)', '', NULL, NULL, NULL, NULL, NULL, NULL, '', '', '', 'cdv00010', NULL, NULL, '', NULL, '1', '', '2011-12-23 08:40:09', '2011-12-26 20:15:03', 0),
(85, 4, 2, 1, 'Carte De Visite of an Unidentified Male', '', NULL, NULL, NULL, NULL, NULL, NULL, '', '', '', 'cdv00011', NULL, NULL, '', NULL, '1', '', '2011-12-26 20:22:54', '2011-12-26 20:22:54', 0),
(2, 4, 3, 1, 'Postcard of Newquay Harbour, addressed to Mr Arnold of Thundersley, Essex (1982)', 'The Harbour, Newquay', 140, 90, 5, 1, NULL, 1, '', '', 'Postmarked Newquay, Cornwall, 7 Jne 1982 on 12 1/2 p stamp', 'pc00020', NULL, NULL, '', NULL, '1', '', '2011-12-15 15:05:27', '2012-01-05 21:55:00', 1),
(83, 5, 1, 1, 'Family Bible of William Kellham (b.1761)  and Olive Nichols (b. 1761) of London and Harlow ', 'The Complete Family Bible; containing the Holy scriptures of the Old and New Tew Testament at Large; Together with the Apocrypha; With A Complete Illustration Of All The Difficult Passages Together  With Notes Historical and Critical by the Rev Samuel New', 290, 245, 2700, 90, NULL, NULL, 'Boards detached, Spine Detached, Binding Loose.  Badly worn, with signs of damp & insect damage', 'Leather', 'Also includes a letter from Edith Clara Kellia dated August 2nd 1871, possibly to Georgina Kellham nee Williams, wife of James Kellham (b. abt. 1795) including further genealogy – see L00001.  Also a small handwritten manuscript entitled “Old Lutheranism”signed JK', 'b00001', '2008-09-17', '31', 'Huntingdon Antiques Centre', '2011-08-31', '140', 'Glenise Buckley <northbuck@hotmail.com>', '2011-12-22 19:08:27', '2011-12-22 20:06:24', 0),
(74, 4, 2, 1, 'Carte De Visite of an Unidentified Child,  Southampton', '', NULL, NULL, NULL, NULL, NULL, NULL, '', '', '', 'cdv00001', NULL, NULL, '', NULL, '1', '', '2011-12-19 19:44:07', '2011-12-19 20:19:50', 0),
(75, 4, 2, 1, 'Carte De Visite of an Unidentified Male (early 20s), London', '', NULL, NULL, NULL, NULL, NULL, NULL, '', '', '', 'cdv00002', NULL, NULL, '', NULL, '1', '', '2011-12-19 20:10:57', '2011-12-19 20:20:22', 0),
(5, 4, 2, 1, 'Photograph of an Irish Wedding, Leicester, 1919', 'Untitled', 105, 80, 1, 1, NULL, NULL, '', '', '', 'p00100', NULL, NULL, '', NULL, '2', '', '2011-12-15 21:24:20', '2011-12-15 22:46:49', 0),
(6, 4, 2, 1, 'Postcard Photograph of two unidentified males in Military style coats ', 'Untitled Postcard', 132, 81, 1, 1, NULL, NULL, '', '', '', 'p00101', NULL, NULL, '', NULL, '3', '', '2011-12-15 21:27:37', '2011-12-15 21:27:37', 0),
(7, 4, 4, 1, 'The London Gazette, January 24 - 28, 1786', 'The London Gazette', 290, 185, 5, 1, 12720, 8, 'Seams split.  Otherwise stain and crease free', 'disbound', '', 'londongazette-12720', NULL, '6', '', NULL, '14', '', '2011-12-15 21:34:44', '2011-12-15 21:40:42', 0),
(8, 4, 7, 1, 'Farm Diary / Notebook of Thomas Goddard of Eastcombe Farm, Batcombe, Somerset', '', 156, 100, 15, 2, NULL, 18, '', '', '', 'd00006', NULL, NULL, '', NULL, '85', '', '2011-12-15 22:03:49', '2011-12-15 22:18:06', 0),
(9, 4, 10, 1, 'Marriage Settlement between the Reverand Richard Jenkyns and Mrs Rosa Jenkyns  of London (1897)', '', 330, 205, 15, 1, NULL, 2, '', '', '', 'l00003', NULL, NULL, '', NULL, '20', '', '2011-12-15 22:22:48', '2011-12-15 22:35:02', 0),
(10, 4, 11, 1, 'Distraint Letter to Thomas Pope of Frampton Marsell, Gloucestershire (1764)', '', NULL, NULL, NULL, NULL, NULL, NULL, '', '', '', 'l00002', NULL, NULL, '', NULL, '25', '', '2011-12-15 22:41:11', '2011-12-15 22:41:11', 0),
(12, 4, 3, 1, 'Thames Embankment, London', 'Thames Embankment, London', 140, 85, NULL, 1, NULL, NULL, '', '', '', 'pc00001', NULL, NULL, '', NULL, '1', '', '2011-12-16 21:33:25', '2011-12-16 21:33:25', 0),
(13, 4, 3, 1, 'Buckingham Palace, London', 'Buckingham Palace', 140, 85, NULL, NULL, NULL, NULL, '', '', '', 'pc00002', NULL, NULL, '', NULL, '1', '', '2011-12-16 21:37:31', '2011-12-16 21:37:31', 0),
(14, 4, 3, 1, 'Westminster Abbey from Dean''s Yard', '', NULL, NULL, NULL, NULL, NULL, NULL, '', '', '', 'pc00003', NULL, NULL, '', NULL, '1', '', '2011-12-16 21:40:30', '2011-12-16 21:40:30', 0),
(15, 4, 3, 1, 'Foreign Office, St James''s Park', 'Foreign Office, St James''s Yard', 140, 85, NULL, NULL, NULL, NULL, '', '', '', 'pc00004', NULL, NULL, '', NULL, '1', '', '2011-12-16 21:45:48', '2011-12-16 21:45:48', 0),
(16, 4, 3, 1, 'Hampton Court Palace, Fountain Court', 'Hampton Court Palace, Fountain Court', 140, 85, NULL, NULL, NULL, NULL, '', '', '', 'pc00007', NULL, NULL, '', NULL, '1', '', '2011-12-16 21:50:04', '2011-12-16 21:50:04', 0),
(17, 4, 3, 1, 'Tower of London', 'Tower of London', NULL, NULL, NULL, NULL, NULL, NULL, '', '', '', 'pc00008', NULL, NULL, '', NULL, '1', '', '2011-12-16 22:19:38', '2011-12-16 22:19:38', 0),
(18, 4, 3, 1, 'The Rockery, Kew Gardens, London', 'The Rockery, Kew Gardens, London', 140, 85, NULL, NULL, NULL, NULL, '', '', '', 'pc00009', NULL, NULL, '', NULL, '2', '', '2011-12-16 22:22:48', '2011-12-16 22:22:48', 0),
(19, 4, 3, 1, 'Land''s End and First and Last House in England ', 'Land''s End and First and Last House in England ', 140, 85, NULL, NULL, NULL, NULL, '', '', '', 'pc00010', NULL, NULL, '', NULL, '1', '', '2011-12-16 22:25:46', '2011-12-16 22:25:46', 0),
(20, 4, 3, 1, 'Lands End, Dr Johnson', '34367. Lands End: Dr Johnson', 140, 85, NULL, NULL, NULL, NULL, '', '', '', 'pc00011', NULL, NULL, '', NULL, '1', '', '2011-12-16 22:29:03', '2011-12-16 22:29:03', 0),
(21, 4, 3, 1, 'Land''s End and First and Last House in England', 'Land''s End and First and Last House in England 13L', NULL, NULL, NULL, NULL, NULL, NULL, '', '', '', 'pc00012', NULL, NULL, '', NULL, NULL, '', '2011-12-16 22:48:11', '2011-12-16 22:48:11', 0),
(22, 4, 3, 1, 'Land''s End', 'Land''s End 122', 140, 85, NULL, NULL, NULL, NULL, '', '', '', 'pc00013', NULL, NULL, '', NULL, '1', '', '2011-12-16 23:35:38', '2011-12-16 23:35:38', 0),
(23, 4, 3, 1, 'Truro Cathedral', '31851A Truro Cathedral. N.E.', 140, 85, NULL, NULL, NULL, NULL, '', '', '', 'pc00014', NULL, NULL, '', NULL, '1', '', '2011-12-16 23:37:24', '2011-12-16 23:37:24', 0),
(24, 4, 3, 1, 'The Lizard Point and Most Southerly House In England', 'The Lizard Point and Most Southerly House In England  PLZ105', 140, 85, NULL, NULL, NULL, NULL, '', '', '', 'pc00015', NULL, NULL, '', NULL, '1', '', '2011-12-16 23:39:57', '2011-12-16 23:39:57', 0),
(25, 4, 3, 1, 'Towan Bay, Newquay', 'Towan Bay. Newquay', 140, 85, NULL, NULL, NULL, NULL, '', '', '', 'pc00017', NULL, NULL, '', NULL, '1', '', '2011-12-17 00:24:11', '2011-12-17 00:24:11', 0),
(26, 4, 3, 1, 'Great Western Beach, Newquay', '243 Great Western Beach, Newquay', 140, 85, NULL, NULL, NULL, NULL, '', '', '', 'pc00018', NULL, NULL, '', NULL, '1', '', '2011-12-17 00:26:11', '2011-12-17 00:26:11', 0),
(27, 4, 3, 1, 'Dr Johnson, Lands End', 'Dr Johnson, Lands End', NULL, NULL, NULL, NULL, NULL, NULL, '', '', '', 'pc00021', NULL, NULL, '', NULL, '1', '', '2011-12-17 00:28:18', '2011-12-17 00:28:18', 0),
(28, 4, 3, 1, 'Land''s End', 'S.4955 Lands End', NULL, NULL, NULL, NULL, NULL, NULL, '', '', '', 'pc00022', NULL, NULL, '', NULL, '1', '', '2011-12-17 00:31:46', '2011-12-17 00:31:46', 0),
(29, 4, 3, 1, 'The Logan Rock, Land''s End', 'The Logan Rock, Land''s End', 140, 85, NULL, NULL, NULL, NULL, '', '', '', 'pc00023', NULL, NULL, '', NULL, '1', '', '2011-12-17 00:33:32', '2011-12-17 00:33:32', 0),
(30, 4, 3, 1, 'Land''s End and First and Last House in England', 'Land''s End and First and Last House in England 21744/JV', 140, 85, NULL, NULL, NULL, NULL, '', '', '', 'pc00024', NULL, NULL, '', NULL, '1', '', '2011-12-17 00:36:08', '2011-12-17 00:36:08', 0),
(31, 4, 3, 1, 'Coast at Lands End', 'Coast at Lands End', 140, 85, NULL, NULL, NULL, NULL, '', '', '', 'pc00025', NULL, NULL, '', NULL, '1', '', '2011-12-17 00:37:47', '2011-12-17 00:37:47', 0),
(32, 4, 3, 1, 'Lands End, Doctor Syntax', 'Lands End, Doctor Syntax', 140, 85, NULL, NULL, NULL, NULL, '', '', '', 'pc00026', NULL, NULL, '', NULL, '1', '', '2011-12-17 00:39:57', '2011-12-17 00:39:57', 0),
(33, 4, 3, 1, 'Hotel and Cliffs, Lands End', 'Hotel and Cliffs Lands End, 101', 140, 85, NULL, NULL, NULL, NULL, '', '', '', 'pc00027', NULL, NULL, '', NULL, '1', '', '2011-12-17 00:43:51', '2011-12-17 00:43:51', 0),
(34, 4, 3, 1, 'Lands End & Last House', 'Lands End & Last House', 140, 85, NULL, NULL, NULL, NULL, '', '', '', 'pc00028', NULL, NULL, '', NULL, '1', '', '2011-12-17 00:46:18', '2011-12-17 00:46:18', 0),
(35, 4, 3, 1, 'Land''s End: The Last Rocks', '45951. Lands End: The Last Rock', 140, 85, NULL, NULL, NULL, NULL, '', '', '', 'pc00029', NULL, NULL, '', NULL, '1', '', '2011-12-17 00:49:16', '2011-12-17 00:49:16', 0),
(36, 4, 3, 1, 'Torquay Harbour', 'Torquay Harbour', 140, 85, NULL, NULL, NULL, NULL, '', '', '', 'pc00030', NULL, NULL, '', NULL, '1', '', '2011-12-17 00:51:18', '2011-12-17 00:51:18', 0),
(37, 4, 3, 1, 'East Front and Lady Chapel, Exeter Cathedral', 'Front and Lady Chapel, Exeter Cathedral HH838', 140, 85, NULL, NULL, NULL, NULL, '', '', '', 'pc00031', NULL, NULL, '', NULL, '1', '', '2011-12-17 08:31:15', '2011-12-17 08:31:15', 0),
(38, 4, 3, 1, 'Harbour Mouth, Dartmouth', 'Harbour-Mouth, Dartmouth', 140, 85, NULL, NULL, NULL, NULL, '', '', '', 'pc00039', NULL, NULL, '', NULL, '1', '', '2011-12-17 08:34:50', '2011-12-17 08:34:50', 0),
(39, 4, 3, 1, 'Lynmouth, Glen Lyn', 'Lynmoty, Glen Lyn 11.  Glyn Lyn 12', 140, 85, NULL, NULL, NULL, NULL, '', '', '', 'pc00032', NULL, NULL, '', NULL, '1', '', '2011-12-17 09:25:40', '2011-12-17 09:25:40', 0),
(40, 4, 3, 1, 'The Coast, Lynmouth, near The Smugglers Cave, Showing Lee Abbey', 'The Coast, Lynmouth, near The Smugglers Cave, Showing Lee Abbey 3069', 140, 85, NULL, NULL, NULL, NULL, '', '', '', 'pc00033', NULL, NULL, '', NULL, '1', '', '2011-12-17 09:29:15', '2011-12-17 09:29:15', 0),
(41, 4, 3, 1, 'Lynmouth, Countisbury Hill and Foreland', 'Lynmouth, Countisbury Hill and Foreland', 140, 85, NULL, 0, NULL, NULL, '', '', '', 'pc00034', NULL, NULL, '', NULL, '1', '', '2011-12-17 20:02:02', '2011-12-17 20:02:02', 0),
(42, 4, 3, 1, 'Glyn Lyn at Lynmouth', 'Glen Lyn at Lynmouth (N. Devon)', 140, 85, NULL, 0, NULL, NULL, '', '', '', 'pc00035', NULL, NULL, '', NULL, '1', '', '2011-12-18 21:06:03', '2011-12-18 21:06:03', 0),
(43, 4, 3, 1, 'Lynton and Lynmouth', 'Lynton and Lynmouth 43285', 140, 85, NULL, 0, NULL, NULL, '', '', '', 'pc00036', NULL, NULL, '', NULL, NULL, '', '2011-12-18 21:07:50', '2011-12-18 21:07:50', 0),
(44, 4, 3, 1, 'Lynton, Castle Rock', 'Lynton.  Castle Rock', 140, 85, NULL, 0, NULL, NULL, '', '', '', 'pc00037', NULL, NULL, '', NULL, NULL, '', '2011-12-18 21:09:39', '2011-12-18 21:09:39', 0),
(45, 4, 3, 1, 'Woody Bay, Nr Lynton', 'Woody Bay, Nr Lynton', 140, 85, NULL, NULL, NULL, NULL, '', '', '', 'pc00038', NULL, NULL, '', NULL, '1', '', '2011-12-18 21:11:31', '2011-12-18 21:11:31', 0),
(46, 4, 3, 1, 'On The Lyn, Lynmouth', 'On The Lyn, Lynmouth 1201', NULL, NULL, NULL, NULL, NULL, NULL, '', '', '', 'pc00040', NULL, NULL, '', NULL, '1', '', '2011-12-18 21:13:08', '2011-12-18 21:13:08', 0),
(47, 4, 3, 1, 'Lynton, Lee Abbey', 'Lynton. Lee Abbey 8251', NULL, NULL, NULL, NULL, NULL, NULL, '', '', '', 'pc00041', NULL, NULL, '', NULL, NULL, '', '2011-12-18 21:14:33', '2011-12-18 21:14:33', 0),
(48, 4, 3, 1, 'On The East Lynn, Lynmouth', 'On The East Lynn, Lynmouth', NULL, NULL, NULL, NULL, NULL, NULL, '', '', '', 'pc00042', NULL, NULL, '', NULL, '1', '', '2011-12-18 21:17:37', '2011-12-18 21:17:37', 0),
(49, 4, 3, 1, 'Lynmouth From Mars Hill', 'Lynmouth From Mars Hill', NULL, NULL, NULL, NULL, NULL, NULL, '', '', '', 'pc00043', NULL, NULL, '', NULL, NULL, '', '2011-12-18 21:19:04', '2011-12-18 21:19:04', 0),
(50, 4, 3, 1, 'The Watersmeet, Lynmouth', 'The Watersmeet, Lynmouth E16504', NULL, NULL, NULL, NULL, NULL, NULL, '', '', '', 'pc00044', NULL, NULL, '', NULL, '1', '', '2011-12-18 21:22:37', '2011-12-18 21:22:37', 0),
(51, 4, 3, 1, 'Exeter Cathedral', 'Exeter Cathedral, SW No 3095B', NULL, NULL, NULL, NULL, NULL, NULL, '', '', '', 'pc00045', NULL, NULL, '', NULL, '1', '', '2011-12-18 21:45:37', '2011-12-18 21:45:37', 0),
(52, 4, 3, 1, 'Lee & Woody Bays, Nr Lynton', 'Lees & Woody Bays, Nr. Lynton', NULL, NULL, NULL, NULL, NULL, NULL, '', '', '', 'pc00046', NULL, NULL, '', NULL, '1', '', '2011-12-18 21:50:05', '2011-12-18 21:50:05', 0),
(53, 4, 3, 1, 'Lynton, Castle Rock', 'Lynton, Castle Rock No 3121B', NULL, NULL, NULL, NULL, NULL, NULL, '', '', '', 'pc00047', NULL, NULL, '', NULL, '1', '', '2011-12-18 21:51:34', '2011-12-18 21:51:34', 0),
(54, 4, 3, 1, 'Breakwater and Harbour, Brixham', 'Breakwater and Harbour, Brixham 3995', NULL, NULL, NULL, NULL, NULL, NULL, '', '', '', 'pc00048', NULL, NULL, '', NULL, '1', '', '2011-12-18 21:53:19', '2011-12-18 21:53:19', 0),
(55, 4, 19, 1, 'South Devon', 'South Devon', 140, 85, NULL, NULL, NULL, NULL, '', '', 'Colour Postcard Map of South Devon', 'pc00049', NULL, NULL, '', NULL, '2', '', '2011-12-18 22:03:02', '2011-12-18 22:03:02', 0),
(56, 4, 3, 1, 'St Boniface Downs, Ventnor, Isle of Wight', '4257 St Boniface Downs, Ventnor, I.W.', NULL, NULL, NULL, NULL, NULL, NULL, '', '', '', 'pc00050', NULL, NULL, '', NULL, '1', '', '2011-12-18 22:05:57', '2011-12-18 22:05:57', 0),
(57, 4, 3, 1, 'The Entrance, Carisbrooke Castle, Idle of Wight', 'The Entrance, CArisbrooke Castle, Isle of Wight', NULL, NULL, NULL, NULL, NULL, NULL, '', '', '', 'pc00051', NULL, NULL, '', NULL, '1', '', '2011-12-18 22:08:18', '2011-12-18 22:08:18', 0),
(58, 4, 3, 1, 'Alum Bay, Isle of Wight', 'Alum Bay, I.W.', NULL, NULL, NULL, NULL, NULL, NULL, '', '', '', 'pc00052', NULL, NULL, '', NULL, '1', '', '2011-12-18 22:10:59', '2011-12-18 22:10:59', 0),
(59, 4, 3, 1, 'Postcard of Carisbrooke Castle to Mr & Mrs Hassell of Colliers Wood, 1923', 'Carisbrooke Castle, Isle of Wight', NULL, NULL, NULL, NULL, NULL, NULL, '', '', '', 'pc00054', NULL, NULL, '', NULL, '2', '', '2011-12-18 22:16:42', '2011-12-18 22:16:42', 0),
(60, 4, 3, 1, 'The Chine, Blackgang, Isle of Wight', 'The Chine, Black Gang, Isle of Wight R117', NULL, NULL, NULL, NULL, NULL, NULL, '', '', '', 'pc00055', NULL, NULL, '', NULL, '1', '', '2011-12-18 22:19:49', '2011-12-18 22:19:49', 0),
(61, 4, 3, 1, 'Isle of Wight from Highcliffe on Sea', 'Isle of Wight from Highcliffe on Sea 1-56-08-07C', NULL, NULL, NULL, NULL, NULL, NULL, '', '', '', 'pc00056', NULL, NULL, '', NULL, '1', '', '2011-12-18 22:22:03', '2011-12-18 22:22:03', 0),
(62, 4, 3, 1, 'Totland Bay, Isle of Wight', 'View of Totland bay From Fort Warden, I.W. KIW295', NULL, NULL, NULL, NULL, NULL, NULL, '', '', '', 'pc00057', NULL, NULL, '', NULL, '1', '', '2011-12-18 22:25:10', '2011-12-18 22:25:10', 0),
(63, 4, 3, 1, 'The Courtyard, Carisbrooke Castle, Isle of Wight', 'The Courtyard, Carisbrooke Castle, Isle of Wight', NULL, NULL, NULL, NULL, NULL, NULL, '', '', '', 'pc00058', NULL, NULL, '', NULL, '1', '', '2011-12-18 22:26:48', '2011-12-18 22:26:48', 0),
(64, 4, 3, 1, 'Postcard to Mr AH Purser of Clapham from Uncle Frank, depicting Ventnor, Isle of Wight (1914)', 'The Stone Seat in the Landslip, Ventnor, Isle of Wight', NULL, NULL, NULL, NULL, NULL, NULL, '', '', 'Mentions "Sea Bathing"', 'pc00059', NULL, NULL, '', NULL, '3', '', '2011-12-18 22:33:03', '2011-12-18 22:34:53', 0),
(65, 4, 3, 1, 'Postcard to Miss H Smyth from Dorma, Depiciting Ventnor, Isle of Wight (1936) ', 'Ventnor from the Battery Walk, looking West', NULL, NULL, NULL, NULL, NULL, NULL, '', '', '', 'pc00060', NULL, '2', '', NULL, NULL, '', '2011-12-18 22:39:09', '2011-12-18 22:39:09', 0),
(66, 4, 3, 1, 'Well House, Carisbrooke Castle, Isle of Wight', 'Well House, Carisbrooke Castle, Isle of Wight', NULL, NULL, NULL, NULL, NULL, NULL, '', '', '', 'pc00062', NULL, NULL, '', NULL, '1', '', '2011-12-18 22:40:56', '2011-12-18 22:40:56', 0),
(67, 4, 3, 1, 'Postcard to Mrs Adams of Gillingham depicting Brightstone, Isle of Wight', 'Brightstone Village, I.O.W.', NULL, NULL, NULL, NULL, NULL, NULL, '', '', 'Card inform Mrs Adams that the sender is working as a cashier atthe holiday camp and asks her not to mention this fact to the choir.', 'pc00063', NULL, NULL, '', NULL, '3', '', '2011-12-18 22:46:16', '2011-12-18 22:46:16', 0),
(68, 4, 3, 1, 'Isle of Wight beauty Spots', 'Isle of Wight Beauty Spots', NULL, NULL, NULL, NULL, NULL, NULL, '', '', '', 'pc00064', NULL, NULL, '', NULL, '2', '', '2011-12-18 22:49:21', '2011-12-18 22:49:21', 0),
(69, 4, 3, 1, 'Shanklin from Luccombe, Isle of Wight', 'Shanklin from Luccombe, Isle of Wight', NULL, NULL, NULL, NULL, NULL, NULL, '', '', '', 'pc00065', NULL, NULL, '', NULL, '1', '', '2011-12-18 22:51:20', '2011-12-18 22:51:20', 0),
(70, 4, 3, 1, 'Postcard to Mr & Mrs Chambers of Walton on Thames depicting Shanklin, Isle of Wight (1953)', 'View From The Cowlease, Shanklin, I.W. 4960', NULL, NULL, NULL, NULL, NULL, NULL, '', '', '', 'pc00066', NULL, NULL, '', NULL, '3', '', '2011-12-18 22:55:26', '2011-12-19 20:14:09', 0),
(71, 4, 3, 1, 'Postcard to Mrs J Edwards of Blandford, Dorset depicting Shanklin, Isle of Wight (1922)', '226062 In The Chine, Shanklin, I.W.', NULL, NULL, NULL, NULL, NULL, NULL, '', '', '', 'pc00067', NULL, NULL, '', NULL, '3', '', '2011-12-18 22:59:10', '2011-12-18 22:59:10', 0),
(72, 4, 3, 1, 'The Needles, Isle of Wight', '24. The Needles, I.W. from the Air.', NULL, NULL, NULL, NULL, NULL, NULL, '', '', '', 'pc00068', NULL, NULL, '', NULL, '1', '', '2011-12-18 23:01:26', '2011-12-18 23:01:26', 0),
(73, 4, 3, 1, 'Postcard to Miss Helen Palmer Douglas of Langholm, Scotland, depicting Tolcarn Beach, Newquay (1953)', '38834 Tolcarne Beach Newquay', NULL, NULL, NULL, NULL, NULL, NULL, '', '', '', 'pc00019', NULL, NULL, '', NULL, NULL, '', '2011-12-18 23:06:13', '2011-12-18 23:06:13', 0),
(76, 4, 2, 1, 'Carte De Viste of Emily Turner, 1889', '', NULL, NULL, NULL, NULL, NULL, NULL, '', '', '', 'cdv00003', NULL, NULL, '', NULL, '5', '', '2011-12-19 20:13:15', '2011-12-19 20:13:15', 0),
(77, 4, 2, 1, 'Carte De Visite of Uncle James, Weymouth', '', NULL, NULL, NULL, NULL, NULL, NULL, '', '', '', 'cdv00004', NULL, NULL, '', NULL, '1', '', '2011-12-19 20:19:17', '2011-12-19 20:19:17', 0),
(78, 4, 2, 1, 'Carte De Visite of an Unidentified Child (under 2), Location unknown', '', NULL, NULL, NULL, NULL, NULL, NULL, '', '', '', 'cdv00005', NULL, NULL, '', NULL, '1', '', '2011-12-19 20:29:49', '2011-12-19 20:29:49', 0),
(79, 4, 2, 1, 'Carte De Visite of Wilfred Kershaw of Harpurhay, Manchester, age 4 Months', '', NULL, NULL, NULL, NULL, NULL, NULL, '', '', '', 'cdv00006', NULL, NULL, '', NULL, '2', '', '2011-12-19 20:34:04', '2011-12-19 20:34:51', 0),
(80, 4, 2, 1, 'Carte De Visite of an Unidentified Male, Tottenham, London', '', NULL, NULL, NULL, NULL, NULL, NULL, '', '', '', 'cdv00007', NULL, NULL, '', NULL, '2', '', '2011-12-19 20:37:07', '2011-12-19 20:37:07', 0),
(81, 4, 2, 1, 'Carte De Visite of an Unidentified Female, Hackney, London', '', NULL, NULL, NULL, NULL, NULL, NULL, '', '', '', 'cdv00008', NULL, NULL, '', NULL, '2', '', '2011-12-19 20:38:45', '2011-12-19 20:38:45', 0),
(82, 4, 2, 1, 'Carte De Visite of an Unidentified Female, Stoke Newington', '', NULL, NULL, NULL, NULL, NULL, NULL, '', '', '', 'cdv00009', NULL, NULL, '', NULL, NULL, '', '2011-12-19 20:40:47', '2011-12-19 20:40:47', 0),
(86, 4, 2, 1, 'Carte De Visite of an Unidentified Female, Old Brompton, Kent', '', NULL, NULL, NULL, NULL, NULL, NULL, '', '', '', 'cdv00012', NULL, NULL, '', NULL, NULL, '', '2011-12-26 20:26:25', '2011-12-26 20:27:00', 0),
(87, 4, 2, 1, 'Carte De Visite of an Unidentified Girl and Baby (Haverhill)', '', NULL, NULL, NULL, NULL, NULL, NULL, '', '', '', 'cdv00013', NULL, NULL, '', NULL, '1', '', '2011-12-26 20:30:38', '2011-12-26 20:30:38', 0),
(88, 4, 2, 1, 'Carte De Visite of Mrs Gooch (Yarmouth)', '', NULL, NULL, NULL, NULL, NULL, NULL, '', '', '', 'cdv00014', NULL, NULL, '', NULL, '5', '', '2011-12-26 20:34:49', '2011-12-26 20:34:49', 0),
(89, 4, 2, 1, 'Carte De Visite of Frederick G Burrows (London)', '52373', NULL, NULL, NULL, NULL, NULL, NULL, '', '', '', 'cdv00015', NULL, NULL, '', NULL, '5', '', '2011-12-26 20:37:53', '2011-12-26 20:37:53', 0),
(90, 6, 1, 1, 'Family Bible of Richard and Kate Eason of Ashdon, Essex', 'Family Devotional Bible Containing The Authorised Version of The new and Old Testaments', 350, 270, 8300, 115, NULL, NULL, 'Front board warped and loose, staining to leather, spine detatched, evidence of rudimentary repairs – endpapers stuck together', 'Leather', 'The Eason family ran the village shop in Ashdon, Essex, and there is a display devoted to them in the Ashdon village museum. ', 'b00002', '2008-09-17', '20', 'Cambridge Books and Collectables', NULL, NULL, '', '2011-12-26 20:48:41', '2011-12-26 21:00:20', 0),
(91, 6, 1, 1, 'Family Bible of James Wright and Clara Pollard', 'The Illustrated Family Bible Containing The New And Old Testaments According To The Authorised Versions', 350, 270, 6800, 115, NULL, NULL, 'Leather worn, boards loose, spine detatched, binding tight', 'Leather', '', 'b00003', '2008-09-17', '20', 'Cambridge Books and Collectables', NULL, NULL, '', '2011-12-26 21:17:16', '2011-12-26 21:17:16', 0),
(92, 4, 1, 1, 'Family Bible of John Bowyer Jones', 'A Practical Family Bible on a Plan Entirely New Containing the Sacred Text of the Old and New Testament; Also the Apocrypha', 410, 265, 6300, 100, NULL, NULL, '', 'Leather', 'A large leatherbound Bible, with evidence of a crude repair in it''s long life that would benefit from some basic restoration.  A fascinating and beautiful family register makes this one of my favourite stock pieces yet.  Containing a family regsiter across two pages detailing the parents and siblings of the John Bowyer Jones written in a number of styles and in total listing 15 individuals with dates ranging from 1815 - 1897 with other un dated individuals extending back into the 1700s.  There is nolocation information in the Bible,but we do know John Bowyer Jones died in Monmouthshire, Wales in 1869.', 'b00004', '2009-11-10', '30', 'G David, Cambridge', NULL, '145', '', '2011-12-26 21:27:40', '2011-12-27 20:16:52', 0),
(93, 5, 1, 1, 'Bible of Emma Hanchett (1837 - 1909) of Newport, Essex', 'The Holy Bible Containing the Old and New Testaments', 240, 155, 1400, 62, NULL, 1256, 'Some wear to spine, but otherwise tight and complete.  some foxing on endpapers', 'Leather', 'It took us a while to unravel this one - a small leatherbound Bible with nice inscription and family details written on front and back endpapers.   The inscription reads "Mrs Woolner presented by Mrs Binn of Shortgrove".  We believe "Shortgrove" refers to Shortgrove Hall, a large country estate on the outskirts of Newport in Essex.  we acquired the Bible just three miles from Newport in Essex.  The family details were tantalisingly incomplete.  A list of four children: Elizabeth Hanchett, Frank Woolner, Alice Susanna Woolner and Florence Ethel Woolner.  Birthdates are given but not the years, except for Elizabeth Hancett who is given as being born in 1867.  Emma Hanchett is only referred to in the inscription as Mrs Woolner, and this is followed by "Dear Mother entered into eternal rest May 29th 1909".  Her husband, John Woolner is only referred to in a similar death notice: "Dear Dad passed away Dec 8th 1901".  We have been able to determine from these details that this Bible definitely belonged to Emma Woolner nee Hanchett of Newport in Essex.  There are further details on the rear endpapers that time does not allow us to research (we have spent longer on this Bible than ones that sell for ten times the amount!).  Five children and birth dates but only two birth years: Catherine Elizabeth Bailey (July 6th), Lizzie Maud Bailey (June 5th), Alice Dora Bailey (Sep 15th), Reginald John Weston (July 19th 1900) and Violet Alice Weston (Sep 12th 1905).  The Bible has a few inserts that we have left in situ: a few pressed leaves, a shred of material, a clipping of a John Wesley quotation.   A very tight and usable Bible with an interesting history at a very reasonable price.', 'b00005', '2009-11-13', '5', 'Lankasters, Saffron Walden', NULL, '45', 'Mick Woolmer', '2011-12-27 20:02:35', '2011-12-27 20:15:02', 0),
(94, 4, 1, 1, 'Two Volume Leatherbound New Testament with Family Register of the Dance, Spurrell & Richardson families of Suffolk from c1680 - c1890', 'A Commentary On The New Testament by Thomas Coke (2 Vols)', 280, 240, 5930, 170, NULL, NULL, 'Generally Sound though worn', 'Leather', 'A two volume leather bound set of Thomas Coke''s "Commentary on the New Testament", published 1803 and bearing a small leather and gold tooled book plate on the front end paper in the name of W. S. Dance.  The Bible set contains a comprehensive four page family register of the Dance and Spurrell family, naming individuals who lived on the Suffolk coast between 1680s - 1890s.  We believe from the information given in the Bible that it was the property of William Dance and his wife (and cousin) Susanna Richardson who moved to Lowestoft in December 1798 following their marriage in November 1798.  William''s father is listed as being of Aldborough, which we believe to be Aldeburgh on the Suffolk coast.  The genealogical details in the family register, covering four pages of neat handwritting, although scant on location information, gives one of the most detailed ancestral lists we''ve ever seen.  Unusually for unrestored Bibles, the boards are attached, and the leatherbinding, though scuffed in places, is in remarkable good condition with some gold tooling still visible.  The binding is tight, and the family register is clear and unblemished.  In need of little restoratation, these volumes have a understated gravitas.  Thomas Coke was one of the founders of American Methodism, and his Commentary on the New Testament is considered to be an important theological work, perhaps shedding some interesting light on the religious views of William and Susanna Dance.   Coke was born in Brecon, Wales, the son of a medical practitioner. He was educated at Brecon Grammar School and Jesus College, Oxford, and was elected mayor of Brecon shortly after graduating in 1768. Coke took Holy Orders in August 1772 but was ejected from his curacy in Somerset for trying to run the parish on Methodist principles. He moved to London and placed himself under the direction of John Wesley, swiftly reaching a position of prominence.', 'b00007', '2010-01-01', '45', 'Lankasters, Saffron Walden', NULL, '200', '', '2011-12-28 21:03:34', '2011-12-28 21:03:34', 0),
(95, 4, 1, 1, 'Family Bible of George Lambert Clifford and Mary Coyney with Arisocratic Provenence', 'The Holy Bible translated from The Latin Vulgat', 375, 260, 5480, 100, NULL, NULL, 'General sound and tight.  Hinges split and missing spine', 'Leather', ' A Large Regency period Vulgat Bible with a very complete and detailed genealogy across 6 pages of George Lambert Clifford, detailing date, time, sex, location, name & christening details of 12 children (including one miscarriage) and 6 grandchildren, as well as some information about their parents.  Particularly interesting for it’s Aristocratic provenance: The eldest child who’s birth is detailed was Charles Clifford, who went on to be the first speaker of the New Zealand House of Representatives. It also contains details about children which don’t appear to be hitherto documented.  A gedcom or high resolution images of the extensive family register are available on request.  A wonderful item, with relevance to both the Clifford family and to scholars of New Zealand or the Aristoracy.   The Bible is tight and complete, but missing the spine.  We can quote for complete restoration, please contact us.', 'b00006', '2010-06-08', '50', 'Lankasters, Saffron Walden', NULL, '1250', '', '2011-12-28 21:38:01', '2011-12-29 00:55:54', 0),
(96, 4, 16, 1, 'Will of Edward Billett of St Neots, Cambridgeshire (1789)', '', 350, 233, 40, 2, NULL, 7, '', '', 'A solicitors copy of the Will of Mr E. Billet dated 2nd December 1789, handwritten across seven pages of paper watermarked "K Shutton Mill, 1806", and pinned in the top left hand corner.', 'w00001', '2009-12-02', '10', 'The Old Curiosity Shop, Huntingdon', NULL, '50', '', '2011-12-29 10:29:48', '2011-12-29 10:29:48', 0),
(97, 6, 20, 1, 'Memorial to family of Robert English, of Ely (1786)', '', NULL, NULL, NULL, NULL, NULL, NULL, '', '', 'Memorial plaque to the family of Robert English of Ely on the external North wall of Ely Cathedral, Cambridgeshire', 'mem00001', '2012-01-08', NULL, '', NULL, NULL, '', '2012-01-08 17:22:59', '2012-01-08 17:28:23', 0),
(98, 6, 20, 1, 'Memorial to Protestant Martyrs William Wolsey and Robert Pygot, Ely, Cambridgeshire', '', NULL, NULL, NULL, NULL, NULL, NULL, '', '', 'Memorialin Ely, Cambridgeshire  to William Wolsey, Constable of Welney, Upware and Outwell, and Robert Pygot, painter of Wisbech,  burnt at the stake for their Christian faith, 16th October 1555.  The memorial is located just off MInster Place by Cross Green, at ankle level.', 'mem00002', NULL, NULL, '', NULL, NULL, '', '2012-01-08 17:38:23', '2012-01-08 17:40:52', 0),
(99, 6, 21, 1, 'Inn sign with coach information, Ely, Cambridgeshire', '', NULL, NULL, NULL, NULL, NULL, NULL, '', '', 'Painted Inn sign, including stagecoach information in situ on building in Market Street, Ely, Cambridgeshire', 'sign00001', NULL, NULL, '', NULL, NULL, '', '2012-01-08 17:54:08', '2012-01-08 17:59:02', 0);

-- --------------------------------------------------------

--
-- Table structure for table `document_photos`
--

CREATE TABLE IF NOT EXISTS `document_photos` (
  `id` int(11) NOT NULL AUTO_INCREMENT,
  `document_id` int(11) DEFAULT NULL,
  `photo_file_name` varchar(255) DEFAULT NULL,
  `photo_content_type` varchar(255) DEFAULT NULL,
  `photo_file_size` int(11) DEFAULT NULL,
  `created_at` datetime DEFAULT NULL,
  `updated_at` datetime DEFAULT NULL,
  `is_primary` tinyint(1) DEFAULT '0',
  PRIMARY KEY (`id`)
) ENGINE=MyISAM  DEFAULT CHARSET=latin1 AUTO_INCREMENT=204 ;

--
-- Dumping data for table `document_photos`
--

INSERT INTO `document_photos` (`id`, `document_id`, `photo_file_name`, `photo_content_type`, `photo_file_size`, `created_at`, `updated_at`, `is_primary`) VALUES
(1, 2, 'pc00020-01.jpg', 'image/jpeg', 124910, '2011-12-15 21:04:03', '2011-12-15 21:04:03', 0),
(2, 2, 'pc00020-02.jpg', 'image/jpeg', 62039, '2011-12-15 21:05:57', '2011-12-15 21:05:57', 0),
(137, 74, 'cdv00001-02.jpg', 'image/jpeg', 77009, '2011-12-19 19:45:27', '2011-12-19 19:45:27', 0),
(152, 74, 'cdv00001-01.jpg', 'image/jpeg', 28943, '2011-12-20 21:04:11', '2011-12-20 21:04:11', 0),
(5, 5, 'p00100.jpg', 'image/jpeg', 46933, '2011-12-15 21:24:20', '2011-12-15 21:24:20', 0),
(6, 6, 'p00101.jpg', 'image/jpeg', 46366, '2011-12-15 21:27:37', '2011-12-15 21:27:37', 0),
(7, 7, 'londongazette-12720.jpg', 'image/jpeg', 631319, '2011-12-15 21:34:44', '2011-12-15 21:34:44', 0),
(8, 8, 'd00006.jpg', 'image/jpeg', 169288, '2011-12-15 22:03:49', '2011-12-15 22:03:49', 0),
(9, 8, 'd00006-02.jpg', 'image/jpeg', 311000, '2011-12-15 22:03:50', '2011-12-15 22:03:50', 0),
(10, 9, 'l00006.jpg', 'image/jpeg', 96744, '2011-12-15 22:25:59', '2011-12-15 22:25:59', 0),
(12, 10, 'l00002.jpg', 'image/jpeg', 301872, '2011-12-15 22:42:35', '2011-12-15 22:42:35', 0),
(13, 12, 'pc00001-01.jpg', 'image/jpeg', 138279, '2011-12-16 21:33:25', '2011-12-16 21:33:25', 0),
(14, 12, 'pc00001-02.jpg', 'image/jpeg', 31422, '2011-12-16 21:33:26', '2011-12-16 21:33:26', 0),
(15, 13, 'pc00002-01.jpg', 'image/jpeg', 92271, '2011-12-16 21:37:32', '2011-12-16 21:37:32', 0),
(16, 13, 'pc00002-02.jpg', 'image/jpeg', 68336, '2011-12-16 21:37:32', '2011-12-16 21:37:32', 0),
(17, 14, 'pc00003-01.jpg', 'image/jpeg', 98137, '2011-12-16 21:40:30', '2011-12-16 21:40:30', 0),
(18, 14, 'pc00003-02.jpg', 'image/jpeg', 42239, '2011-12-16 21:40:31', '2011-12-16 21:40:31', 0),
(19, 15, 'pc00004-01.jpg', 'image/jpeg', 144663, '2011-12-16 21:45:48', '2011-12-16 21:45:48', 0),
(20, 15, 'pc00004-02.jpg', 'image/jpeg', 69820, '2011-12-16 21:45:48', '2011-12-16 21:45:48', 0),
(21, 16, 'pc00007-01.jpg', 'image/jpeg', 149094, '2011-12-16 21:50:04', '2011-12-16 21:50:04', 0),
(22, 16, 'pc00007-02.jpg', 'image/jpeg', 31343, '2011-12-16 21:50:05', '2011-12-16 21:50:05', 0),
(23, 17, 'pc00008-01.jpg', 'image/jpeg', 148091, '2011-12-16 22:19:38', '2011-12-16 22:19:38', 0),
(24, 17, 'pc00008-02.jpg', 'image/jpeg', 51565, '2011-12-16 22:19:38', '2011-12-16 22:19:38', 0),
(25, 18, 'pc00009-01.jpg', 'image/jpeg', 186900, '2011-12-16 22:22:48', '2011-12-16 22:22:48', 0),
(26, 18, 'pc00009-02.jpg', 'image/jpeg', 60893, '2011-12-16 22:22:48', '2011-12-16 22:22:48', 0),
(27, 19, 'pc00010-01.jpg', 'image/jpeg', 112971, '2011-12-16 22:25:46', '2011-12-16 22:25:46', 0),
(28, 19, 'pc00010-02.jpg', 'image/jpeg', 24609, '2011-12-16 22:25:46', '2011-12-16 22:25:46', 0),
(29, 20, 'pc00011-01.jpg', 'image/jpeg', 130412, '2011-12-16 22:29:03', '2011-12-16 22:29:03', 0),
(30, 20, 'pc00011-02.jpg', 'image/jpeg', 31275, '2011-12-16 22:29:04', '2011-12-16 22:29:04', 0),
(31, 21, 'pc00012-01.jpg', 'image/jpeg', 118182, '2011-12-16 22:48:11', '2011-12-16 22:48:11', 0),
(32, 21, 'pc00012-02.jpg', 'image/jpeg', 18793, '2011-12-16 22:48:11', '2011-12-16 22:48:11', 0),
(33, 22, 'pc00013-01.jpg', 'image/jpeg', 67019, '2011-12-16 23:35:38', '2011-12-16 23:35:38', 0),
(34, 22, 'pc00013-02.jpg', 'image/jpeg', 26905, '2011-12-16 23:35:40', '2011-12-16 23:35:40', 0),
(35, 23, 'pc00014-01.jpg', 'image/jpeg', 56282, '2011-12-16 23:37:24', '2011-12-16 23:37:24', 0),
(36, 23, 'pc00014-02.jpg', 'image/jpeg', 22289, '2011-12-16 23:37:24', '2011-12-16 23:37:24', 0),
(37, 24, 'pc00015-01.jpg', 'image/jpeg', 132597, '2011-12-16 23:39:57', '2011-12-16 23:39:57', 0),
(38, 24, 'pc00015-02.jpg', 'image/jpeg', 22758, '2011-12-16 23:39:58', '2011-12-16 23:39:58', 0),
(39, 25, 'pc00017-01.jpg', 'image/jpeg', 86786, '2011-12-17 00:24:11', '2011-12-17 00:24:11', 0),
(40, 25, 'pc00017-02.jpg', 'image/jpeg', 22792, '2011-12-17 00:24:11', '2011-12-17 00:24:11', 0),
(41, 26, 'pc00018-01.jpg', 'image/jpeg', 133571, '2011-12-17 00:26:11', '2011-12-17 00:26:11', 0),
(42, 26, 'pc00018-02.jpg', 'image/jpeg', 25258, '2011-12-17 00:26:11', '2011-12-17 00:26:11', 0),
(43, 27, 'pc00021-01.jpg', 'image/jpeg', 128896, '2011-12-17 00:28:18', '2011-12-17 00:28:18', 0),
(44, 27, 'pc00021-02.jpg', 'image/jpeg', 52838, '2011-12-17 00:28:19', '2011-12-17 00:28:19', 0),
(45, 28, 'pc00022-01.jpg', 'image/jpeg', 95207, '2011-12-17 00:31:46', '2011-12-17 00:31:46', 0),
(46, 28, 'pc00022-02.jpg', 'image/jpeg', 41142, '2011-12-17 00:31:46', '2011-12-17 00:31:46', 0),
(47, 29, 'pc00023-01.jpg', 'image/jpeg', 54713, '2011-12-17 00:33:32', '2011-12-17 00:33:32', 0),
(48, 29, 'pc00023-02.jpg', 'image/jpeg', 40022, '2011-12-17 00:33:32', '2011-12-17 00:33:32', 0),
(49, 30, 'pc00024-01.jpg', 'image/jpeg', 82445, '2011-12-17 00:36:08', '2011-12-17 00:36:08', 0),
(50, 30, 'pc00024-02.jpg', 'image/jpeg', 38855, '2011-12-17 00:36:09', '2011-12-17 00:36:09', 0),
(51, 31, 'pc00025-01.jpg', 'image/jpeg', 85012, '2011-12-17 00:37:47', '2011-12-17 00:37:47', 0),
(52, 31, 'pc00025-02.jpg', 'image/jpeg', 37407, '2011-12-17 00:37:48', '2011-12-17 00:37:48', 0),
(53, 32, 'pc00026-01.jpg', 'image/jpeg', 98402, '2011-12-17 00:39:57', '2011-12-17 00:39:57', 0),
(54, 32, 'pc00026-02.jpg', 'image/jpeg', 25228, '2011-12-17 00:39:58', '2011-12-17 00:39:58', 0),
(55, 33, 'pc00027-01.jpg', 'image/jpeg', 97619, '2011-12-17 00:43:51', '2011-12-17 00:43:51', 0),
(56, 33, 'pc00027-02.jpg', 'image/jpeg', 66402, '2011-12-17 00:43:51', '2011-12-17 00:43:51', 0),
(57, 34, 'pc00028-01.jpg', 'image/jpeg', 88025, '2011-12-17 00:46:18', '2011-12-17 00:46:18', 0),
(58, 34, 'pc00028-02.jpg', 'image/jpeg', 33913, '2011-12-17 00:46:19', '2011-12-17 00:46:19', 0),
(59, 35, 'pc00029-01.jpg', 'image/jpeg', 108063, '2011-12-17 00:49:16', '2011-12-17 00:49:16', 0),
(60, 35, 'pc00029-02.jpg', 'image/jpeg', 31754, '2011-12-17 00:49:16', '2011-12-17 00:49:16', 0),
(61, 36, 'pc00030-01.jpg', 'image/jpeg', 112842, '2011-12-17 00:51:18', '2011-12-17 00:51:18', 0),
(62, 36, 'pc00030-02.jpg', 'image/jpeg', 35061, '2011-12-17 00:51:18', '2011-12-17 00:51:18', 0),
(63, 37, 'pc00031-01.jpg', 'image/jpeg', 104791, '2011-12-17 08:31:15', '2011-12-17 08:31:15', 0),
(64, 37, 'pc00031-02.jpg', 'image/jpeg', 14941, '2011-12-17 08:31:15', '2011-12-17 08:31:15', 0),
(65, 38, 'pc00039-01.jpg', 'image/jpeg', 77885, '2011-12-17 08:34:50', '2011-12-17 08:34:50', 0),
(66, 38, 'pc00039-02.jpg', 'image/jpeg', 29643, '2011-12-17 08:34:50', '2011-12-17 08:34:50', 0),
(67, 39, 'pc00032-01.jpg', 'image/jpeg', 153662, '2011-12-17 09:25:40', '2011-12-17 09:25:40', 0),
(68, 39, 'pc00032-02.jpg', 'image/jpeg', 26442, '2011-12-17 09:25:41', '2011-12-17 09:25:41', 0),
(69, 40, 'pc00033-01.jpg', 'image/jpeg', 95513, '2011-12-17 09:29:16', '2011-12-17 09:29:16', 0),
(70, 40, 'pc00033-02.jpg', 'image/jpeg', 22572, '2011-12-17 09:29:16', '2011-12-17 09:29:16', 0),
(71, 41, 'pc00034-01.jpg', 'image/jpeg', 87818, '2011-12-17 20:02:02', '2011-12-17 20:02:02', 0),
(72, 41, 'pc00034-02.jpg', 'image/jpeg', 33306, '2011-12-17 20:02:02', '2011-12-17 20:02:02', 0),
(73, 42, 'pc00035-01.jpg', 'image/jpeg', 120119, '2011-12-18 21:06:03', '2011-12-18 21:06:03', 0),
(74, 42, 'pc00035-02.jpg', 'image/jpeg', 30375, '2011-12-18 21:06:03', '2011-12-18 21:06:03', 0),
(75, 43, 'pc00036-01.jpg', 'image/jpeg', 91875, '2011-12-18 21:07:50', '2011-12-18 21:07:50', 0),
(76, 43, 'pc00036-02.jpg', 'image/jpeg', 28007, '2011-12-18 21:07:51', '2011-12-18 21:07:51', 0),
(77, 44, 'pc00037-01.jpg', 'image/jpeg', 100135, '2011-12-18 21:09:39', '2011-12-18 21:09:39', 0),
(78, 44, 'pc00037-02.jpg', 'image/jpeg', 33798, '2011-12-18 21:09:40', '2011-12-18 21:09:40', 0),
(79, 45, 'pc00038-01.jpg', 'image/jpeg', 70551, '2011-12-18 21:11:31', '2011-12-18 21:11:31', 0),
(80, 45, 'pc00038-02.jpg', 'image/jpeg', 24744, '2011-12-18 21:11:31', '2011-12-18 21:11:31', 0),
(81, 46, 'pc00040-01.jpg', 'image/jpeg', 138197, '2011-12-18 21:13:08', '2011-12-18 21:13:08', 0),
(82, 46, 'pc00040-02.jpg', 'image/jpeg', 32837, '2011-12-18 21:13:08', '2011-12-18 21:13:08', 0),
(83, 47, 'pc00041-01.jpg', 'image/jpeg', 89658, '2011-12-18 21:14:33', '2011-12-18 21:14:33', 0),
(84, 47, 'pc00041-02.jpg', 'image/jpeg', 34512, '2011-12-18 21:14:33', '2011-12-18 21:14:33', 0),
(85, 48, 'pc00042-01.jpg', 'image/jpeg', 161086, '2011-12-18 21:17:37', '2011-12-18 21:17:37', 0),
(86, 48, 'pc00042-02.jpg', 'image/jpeg', 42775, '2011-12-18 21:17:38', '2011-12-18 21:17:38', 0),
(87, 49, 'pc00043-01.jpg', 'image/jpeg', 123833, '2011-12-18 21:19:04', '2011-12-18 21:19:04', 0),
(88, 49, 'pc00043-02.jpg', 'image/jpeg', 20533, '2011-12-18 21:19:05', '2011-12-18 21:19:05', 0),
(89, 50, 'pc00044-01.jpg', 'image/jpeg', 128064, '2011-12-18 21:22:37', '2011-12-18 21:22:37', 0),
(90, 50, 'pc00044-02.jpg', 'image/jpeg', 86394, '2011-12-18 21:22:38', '2011-12-18 21:22:38', 0),
(91, 51, 'pc00045-01.jpg', 'image/jpeg', 129661, '2011-12-18 21:45:37', '2011-12-18 21:45:37', 0),
(92, 51, 'pc00045-02.jpg', 'image/jpeg', 48953, '2011-12-18 21:45:43', '2011-12-18 21:45:43', 0),
(93, 52, 'pc00046-01.jpg', 'image/jpeg', 61030, '2011-12-18 21:50:05', '2011-12-18 21:50:05', 0),
(94, 52, 'pc00046-02.jpg', 'image/jpeg', 26363, '2011-12-18 21:50:18', '2011-12-18 21:50:18', 0),
(95, 54, 'pc00048-01.jpg', 'image/jpeg', 116724, '2011-12-18 21:53:19', '2011-12-18 21:53:19', 0),
(96, 54, 'pc00048-02.jpg', 'image/jpeg', 37824, '2011-12-18 21:53:27', '2011-12-18 21:53:27', 0),
(97, 55, 'pc00049-01.jpg', 'image/jpeg', 190581, '2011-12-18 22:03:02', '2011-12-18 22:03:02', 0),
(98, 55, 'pc00049-02.jpg', 'image/jpeg', 20904, '2011-12-18 22:03:15', '2011-12-18 22:03:15', 0),
(99, 56, 'pc00050-01.jpg', 'image/jpeg', 103861, '2011-12-18 22:05:57', '2011-12-18 22:05:57', 0),
(100, 56, 'pc00050-02.jpg', 'image/jpeg', 23714, '2011-12-18 22:06:02', '2011-12-18 22:06:02', 0),
(101, 57, 'pc00051-01.jpg', 'image/jpeg', 143557, '2011-12-18 22:08:18', '2011-12-18 22:08:18', 0),
(102, 57, 'pc00051-02.jpg', 'image/jpeg', 24864, '2011-12-18 22:08:24', '2011-12-18 22:08:24', 0),
(103, 58, 'pc00052-01.jpg', 'image/jpeg', 78749, '2011-12-18 22:10:59', '2011-12-18 22:10:59', 0),
(104, 58, 'pc00052-02.jpg', 'image/jpeg', 24393, '2011-12-18 22:11:05', '2011-12-18 22:11:05', 0),
(105, 59, 'pc00054-01.jpg', 'image/jpeg', 146440, '2011-12-18 22:16:42', '2011-12-18 22:16:42', 0),
(106, 59, 'pc00054-02.jpg', 'image/jpeg', 59672, '2011-12-18 22:16:46', '2011-12-18 22:16:46', 0),
(107, 60, 'pc00055-01.jpg', 'image/jpeg', 98720, '2011-12-18 22:19:49', '2011-12-18 22:19:49', 0),
(108, 60, 'pc00055-02.jpg', 'image/jpeg', 18531, '2011-12-18 22:20:00', '2011-12-18 22:20:00', 0),
(109, 61, 'pc00056-01.jpg', 'image/jpeg', 154204, '2011-12-18 22:22:03', '2011-12-18 22:22:03', 0),
(110, 61, 'pc00056-02.jpg', 'image/jpeg', 20088, '2011-12-18 22:22:07', '2011-12-18 22:22:07', 0),
(111, 62, 'pc00057-01.jpg', 'image/jpeg', 117986, '2011-12-18 22:25:10', '2011-12-18 22:25:10', 0),
(112, 62, 'pc00057-02.jpg', 'image/jpeg', 28415, '2011-12-18 22:25:17', '2011-12-18 22:25:17', 0),
(113, 63, 'pc00058-01.jpg', 'image/jpeg', 162284, '2011-12-18 22:26:48', '2011-12-18 22:26:48', 0),
(114, 63, 'pc00058-02.jpg', 'image/jpeg', 27468, '2011-12-18 22:26:54', '2011-12-18 22:26:54', 0),
(115, 64, 'pc00059-01.jpg', 'image/jpeg', 168379, '2011-12-18 22:33:03', '2011-12-18 22:33:03', 0),
(116, 64, 'pc00059-02.jpg', 'image/jpeg', 77768, '2011-12-18 22:33:09', '2011-12-18 22:33:09', 0),
(117, 65, 'pc00060-01.jpg', 'image/jpeg', 153009, '2011-12-18 22:39:09', '2011-12-18 22:39:09', 0),
(118, 65, 'pc00060-02.jpg', 'image/jpeg', 67502, '2011-12-18 22:39:13', '2011-12-18 22:39:13', 0),
(119, 66, 'pc00062-01.jpg', 'image/jpeg', 155793, '2011-12-18 22:40:56', '2011-12-18 22:40:56', 0),
(120, 66, 'pc00062-02.jpg', 'image/jpeg', 43446, '2011-12-18 22:41:01', '2011-12-18 22:41:01', 0),
(121, 67, 'pc00063-01.jpg', 'image/jpeg', 136451, '2011-12-18 22:46:16', '2011-12-18 22:46:16', 0),
(122, 67, 'pc00063-02.jpg', 'image/jpeg', 98105, '2011-12-18 22:46:21', '2011-12-18 22:46:21', 0),
(123, 68, 'pc00064-01.jpg', 'image/jpeg', 98990, '2011-12-18 22:49:21', '2011-12-18 22:49:21', 0),
(124, 68, 'pc00064-02.jpg', 'image/jpeg', 22329, '2011-12-18 22:49:24', '2011-12-18 22:49:24', 0),
(125, 69, 'pc00065-01.jpg', 'image/jpeg', 69484, '2011-12-18 22:51:20', '2011-12-18 22:51:20', 0),
(126, 69, 'pc00065-02.jpg', 'image/jpeg', 26025, '2011-12-18 22:51:23', '2011-12-18 22:51:23', 0),
(127, 70, 'pc00066-01.jpg', 'image/jpeg', 96501, '2011-12-18 22:55:26', '2011-12-18 22:55:26', 0),
(128, 70, 'pc00066-02.jpg', 'image/jpeg', 52712, '2011-12-18 22:55:30', '2011-12-18 22:55:30', 0),
(129, 71, 'pc00067-01.jpg', 'image/jpeg', 160359, '2011-12-18 22:59:10', '2011-12-18 22:59:10', 0),
(130, 71, 'pc00067-02.jpg', 'image/jpeg', 61143, '2011-12-18 22:59:15', '2011-12-18 22:59:15', 0),
(131, 72, 'pc00068-01.jpg', 'image/jpeg', 62277, '2011-12-18 23:01:26', '2011-12-18 23:01:26', 0),
(132, 72, 'pc00068-02.jpg', 'image/jpeg', 12355, '2011-12-18 23:01:30', '2011-12-18 23:01:30', 0),
(133, 73, 'pc00019-01.jpg', 'image/jpeg', 101213, '2011-12-18 23:06:13', '2011-12-18 23:06:13', 0),
(134, 73, 'pc00019-02.jpg', 'image/jpeg', 89223, '2011-12-18 23:06:17', '2011-12-18 23:06:17', 0),
(138, 75, 'cdv00002-01.jpg', 'image/jpeg', 22606, '2011-12-19 20:10:57', '2011-12-19 20:10:57', 0),
(139, 75, 'cdv00002-02.jpg', 'image/jpeg', 42117, '2011-12-19 20:10:59', '2011-12-19 20:10:59', 0),
(140, 76, 'cdv00003-01.jpg', 'image/jpeg', 33789, '2011-12-19 20:13:15', '2011-12-19 20:13:15', 0),
(141, 76, 'cdv00003-02.jpg', 'image/jpeg', 60990, '2011-12-19 20:13:18', '2011-12-19 20:13:18', 0),
(142, 77, 'cdv00004-01.jpg', 'image/jpeg', 34014, '2011-12-19 20:19:17', '2011-12-19 20:19:17', 0),
(143, 77, 'cdv00004-02.jpg', 'image/jpeg', 26177, '2011-12-19 20:19:20', '2011-12-19 20:19:20', 0),
(144, 78, 'cdv00005.jpg', 'image/jpeg', 28738, '2011-12-19 20:29:49', '2011-12-19 20:29:49', 0),
(145, 79, 'cdv00006-01.jpg', 'image/jpeg', 47047, '2011-12-19 20:34:04', '2011-12-19 20:34:04', 0),
(146, 79, 'cdv00006-02.jpg', 'image/jpeg', 43638, '2011-12-19 20:34:07', '2011-12-19 20:34:07', 0),
(147, 80, 'cdv00007.jpg', 'image/jpeg', 23448, '2011-12-19 20:37:07', '2011-12-19 20:37:07', 0),
(148, 81, 'cdv00008-01.jpg', 'image/jpeg', 40786, '2011-12-19 20:38:45', '2011-12-19 20:38:45', 0),
(149, 81, 'cdv00008-02.jpg', 'image/jpeg', 51238, '2011-12-19 20:38:48', '2011-12-19 20:38:48', 0),
(150, 82, 'cdv00009-01.jpg', 'image/jpeg', 34259, '2011-12-19 20:40:47', '2011-12-19 20:40:47', 0),
(151, 82, 'cdv00009-02.jpg', 'image/jpeg', 68901, '2011-12-19 20:40:50', '2011-12-19 20:40:50', 0),
(153, 83, 'DSCF6264.JPG', 'image/jpeg', 2334158, '2011-12-22 19:15:05', '2011-12-22 19:15:05', 0),
(154, 83, 'DSCF6360.JPG', 'image/jpeg', 2264798, '2011-12-22 19:15:43', '2011-12-22 19:15:43', 0),
(155, 83, 'DSCF6361.JPG', 'image/jpeg', 2213248, '2011-12-22 19:16:20', '2011-12-22 19:16:20', 0),
(156, 83, 'DSCF6362.JPG', 'image/jpeg', 2267204, '2011-12-22 19:16:55', '2011-12-22 19:16:55', 0),
(157, 83, 'DSCF6363.JPG', 'image/jpeg', 2229119, '2011-12-22 19:17:32', '2011-12-22 19:17:32', 0),
(158, 84, 'cdv00010.jpg', 'image/jpeg', 33504, '2011-12-23 08:40:10', '2011-12-23 08:40:10', 0),
(159, 85, 'cdv00011-01.jpg', 'image/jpeg', 27292, '2011-12-26 20:22:54', '2011-12-26 20:22:54', 0),
(160, 85, 'cdv00011-02.jpg', 'image/jpeg', 60522, '2011-12-26 20:23:00', '2011-12-26 20:23:00', 0),
(161, 86, 'cdv00012-01.jpg', 'image/jpeg', 30901, '2011-12-26 20:26:25', '2011-12-26 20:26:25', 0),
(162, 86, 'cdv00012-02.jpg', 'image/jpeg', 55445, '2011-12-26 20:26:30', '2011-12-26 20:26:30', 0),
(163, 87, 'cdv00013-01.jpg', 'image/jpeg', 52643, '2011-12-26 20:30:38', '2011-12-26 20:30:38', 0),
(164, 87, 'cdv00013-02.jpg', 'image/jpeg', 32391, '2011-12-26 20:30:42', '2011-12-26 20:30:42', 0),
(165, 88, 'cdv00014-01.jpg', 'image/jpeg', 43834, '2011-12-26 20:34:49', '2011-12-26 20:34:49', 0),
(166, 88, 'cdv00014-02.jpg', 'image/jpeg', 36636, '2011-12-26 20:34:53', '2011-12-26 20:34:53', 0),
(167, 89, 'cdv00015-01.jpg', 'image/jpeg', 40449, '2011-12-26 20:37:53', '2011-12-26 20:37:53', 0),
(168, 89, 'cdv00015-02.jpg', 'image/jpeg', 35862, '2011-12-26 20:37:57', '2011-12-26 20:37:57', 0),
(169, 90, 'b00002-6-lo.jpg', 'image/jpeg', 25275, '2011-12-26 20:48:41', '2011-12-26 20:48:41', 0),
(170, 90, 'b00002-1-hi.jpg', 'image/jpeg', 2088070, '2011-12-26 20:48:45', '2011-12-26 20:48:45', 0),
(171, 90, 'b00002-2-hi.jpg', 'image/jpeg', 2048819, '2011-12-26 20:49:20', '2011-12-26 20:49:20', 0),
(172, 90, 'b00002-3-hi.jpg', 'image/jpeg', 2045730, '2011-12-26 20:50:03', '2011-12-26 20:50:03', 0),
(173, 90, 'b00002-4-hi.jpg', 'image/jpeg', 2020409, '2011-12-26 20:50:44', '2011-12-26 20:50:44', 0),
(174, 91, 'b00003-1-hi.jpg', 'image/jpeg', 1275898, '2011-12-26 21:17:17', '2011-12-26 21:17:17', 0),
(175, 91, 'b00003-2-hi.jpg', 'image/jpeg', 1440724, '2011-12-26 21:17:39', '2011-12-26 21:17:39', 0),
(176, 91, 'b00003-3-hi.jpg', 'image/jpeg', 1297911, '2011-12-26 21:18:08', '2011-12-26 21:18:08', 0),
(177, 91, 'b00003-4-hi.jpg', 'image/jpeg', 1547349, '2011-12-26 21:18:35', '2011-12-26 21:18:35', 0),
(178, 91, 'b00003-5-hi.jpg', 'image/jpeg', 1476204, '2011-12-26 21:19:02', '2011-12-26 21:19:02', 0),
(179, 91, 'b00003-6-hi.jpg', 'image/jpeg', 1358548, '2011-12-26 21:19:26', '2011-12-26 21:19:26', 0),
(180, 92, 'DSCF6266.JPG', 'image/jpeg', 2270982, '2011-12-26 21:27:40', '2011-12-26 21:27:40', 0),
(181, 92, 'DSCF6356.JPG', 'image/jpeg', 2242245, '2011-12-26 21:28:17', '2011-12-26 21:28:17', 0),
(182, 92, 'DSCF6357.JPG', 'image/jpeg', 2107786, '2011-12-26 21:28:56', '2011-12-26 21:28:56', 0),
(183, 92, 'DSCF6358.JPG', 'image/jpeg', 2272149, '2011-12-26 21:29:39', '2011-12-26 21:29:39', 0),
(184, 93, 'b00005.jpg', 'image/jpeg', 119034, '2011-12-27 20:02:35', '2011-12-27 20:02:35', 0),
(185, 93, 'b00005-3-hi.jpg', 'image/jpeg', 517891, '2011-12-27 20:02:43', '2011-12-27 20:02:43', 0),
(186, 93, 'b00005-2-hi.jpg', 'image/jpeg', 2187398, '2011-12-27 20:03:08', '2011-12-27 20:03:08', 0),
(187, 93, 'b00005-3-hi.jpg', 'image/jpeg', 2211659, '2011-12-27 20:04:11', '2011-12-27 20:04:11', 0),
(188, 93, 'b00005-5-hi.jpg', 'image/jpeg', 2224889, '2011-12-27 20:05:24', '2011-12-27 20:05:24', 0),
(189, 94, 'b00007.jpg', 'image/jpeg', 116052, '2011-12-28 21:03:34', '2011-12-28 21:03:34', 0),
(190, 94, 'b00007-2.JPG', 'image/jpeg', 622761, '2011-12-28 21:03:45', '2011-12-28 21:03:45', 0),
(191, 94, 'b00007-3.JPG', 'image/jpeg', 623261, '2011-12-28 21:04:07', '2011-12-28 21:04:07', 0),
(192, 95, 'b00006i-1.jpg', 'image/jpeg', 582727, '2011-12-28 21:38:01', '2011-12-28 21:38:01', 0),
(193, 95, 'b00006i-3.jpg', 'image/jpeg', 607576, '2011-12-28 21:38:20', '2011-12-28 21:38:20', 0),
(194, 95, 'b00006i-2.jpg', 'image/jpeg', 597350, '2011-12-28 21:38:42', '2011-12-28 21:38:42', 0),
(195, 95, 'b00006i-4.jpg', 'image/jpeg', 613063, '2011-12-28 21:39:02', '2011-12-28 21:39:02', 0),
(196, 95, 'b00006i-5.jpg', 'image/jpeg', 596703, '2011-12-28 21:39:23', '2011-12-28 21:39:23', 0),
(197, 95, 'b00006-4.JPG', 'image/jpeg', 548046, '2011-12-28 21:39:43', '2011-12-28 21:39:43', 0),
(198, 96, 'w0001-1-hi.jpg', 'image/jpeg', 1080483, '2011-12-29 10:29:48', '2011-12-29 10:29:48', 0),
(199, 97, 'DSC05533.JPG', 'image/jpeg', 3396871, '2012-01-08 17:22:59', '2012-01-08 17:22:59', 0),
(200, 97, 'DSC05539.JPG', 'image/jpeg', 3310711, '2012-01-08 17:24:35', '2012-01-08 17:24:35', 0),
(201, 98, 'DSC05535.JPG', 'image/jpeg', 3791592, '2012-01-08 17:38:23', '2012-01-08 17:38:23', 0),
(202, 99, 'DSC05540.JPG', 'image/jpeg', 3317723, '2012-01-08 17:54:08', '2012-01-08 17:54:08', 0),
(203, 99, 'DSC05541.JPG', 'image/jpeg', 3206075, '2012-01-08 17:56:15', '2012-01-08 17:56:15', 0);

-- --------------------------------------------------------

--
-- Table structure for table `document_types`
--

CREATE TABLE IF NOT EXISTS `document_types` (
  `id` int(11) NOT NULL AUTO_INCREMENT,
  `name` varchar(255) DEFAULT NULL,
  `description` text,
  `created_at` datetime DEFAULT NULL,
  `updated_at` datetime DEFAULT NULL,
  PRIMARY KEY (`id`)
) ENGINE=MyISAM  DEFAULT CHARSET=latin1 AUTO_INCREMENT=22 ;

--
-- Dumping data for table `document_types`
--

INSERT INTO `document_types` (`id`, `name`, `description`, `created_at`, `updated_at`) VALUES
(1, 'Bible', '', '2011-11-28 11:57:19', '2011-12-17 00:19:35'),
(2, 'Photograph (physical)', '', '2011-11-28 11:57:32', '2011-12-17 00:19:27'),
(3, 'Postcard', '', '2011-12-13 19:57:23', '2011-12-13 19:57:23'),
(4, 'Newspaper', '', '2011-12-15 21:35:19', '2011-12-15 21:35:19'),
(5, 'Directory', '', '2011-12-15 21:35:31', '2011-12-15 21:35:31'),
(6, 'Book', '', '2011-12-15 21:35:38', '2011-12-15 21:35:38'),
(7, 'Notebook', '', '2011-12-15 22:04:40', '2011-12-15 22:04:40'),
(8, 'Diary', '', '2011-12-15 22:04:51', '2011-12-15 22:04:51'),
(9, 'Certificate', '', '2011-12-15 22:05:03', '2011-12-15 22:05:03'),
(10, 'Marriage Settlement', '', '2011-12-15 22:23:11', '2011-12-15 22:23:11'),
(11, 'Letter', '', '2011-12-15 22:39:30', '2011-12-15 22:39:30'),
(12, 'Photograph (digital)', '', '2011-12-15 22:47:30', '2011-12-15 22:47:43'),
(13, 'Ephemera', '', '2011-12-17 00:18:53', '2011-12-17 00:18:53'),
(14, 'Magazine', '', '2011-12-17 00:19:08', '2011-12-17 00:19:08'),
(15, 'Journal', '', '2011-12-17 00:19:17', '2011-12-17 00:19:17'),
(16, 'Will', '', '2011-12-17 00:21:45', '2011-12-17 00:21:45'),
(17, 'Deed', '', '2011-12-17 00:21:54', '2011-12-17 00:21:54'),
(18, 'Indenture', '', '2011-12-17 00:22:04', '2011-12-17 00:22:04'),
(19, 'Map', '', '2011-12-18 21:54:02', '2011-12-18 21:54:02'),
(20, 'Gravestone or Memorial Plaque (Photograph)', 'Digital photographs of gravestones or memorials plaques', '2012-01-08 17:15:44', '2012-01-08 17:15:44'),
(21, 'Sign (Digital Photograph)', 'Photographs of historic signs', '2012-01-08 17:47:30', '2012-01-08 17:47:30');

-- --------------------------------------------------------

--
-- Table structure for table `event_types`
--

CREATE TABLE IF NOT EXISTS `event_types` (
  `id` int(11) NOT NULL AUTO_INCREMENT,
  `name` varchar(255) DEFAULT NULL,
  `description` text,
  `created_at` datetime DEFAULT NULL,
  `updated_at` datetime DEFAULT NULL,
  PRIMARY KEY (`id`)
) ENGINE=MyISAM  DEFAULT CHARSET=latin1 AUTO_INCREMENT=9 ;

--
-- Dumping data for table `event_types`
--

INSERT INTO `event_types` (`id`, `name`, `description`, `created_at`, `updated_at`) VALUES
(1, 'Birth', 'Birth', '2011-11-28 11:59:27', '2011-11-28 11:59:27'),
(2, 'Death', 'Death', '2011-11-28 11:59:41', '2011-11-28 11:59:41'),
(3, 'Marriage', '', '2011-12-01 22:32:24', '2011-12-01 22:32:24'),
(4, 'Baptism', '', '2011-12-01 22:32:36', '2011-12-01 22:32:36'),
(5, 'Burial', '', '2011-12-01 22:32:46', '2011-12-01 22:32:46'),
(6, 'Residence', '', '2011-12-01 22:32:54', '2011-12-01 22:32:54'),
(7, 'Photographed', '', '2011-12-19 20:13:42', '2011-12-19 20:13:42'),
(8, 'Marriage Settlement', 'A prenuptial agreement made between two marrying parties often referred to in wills in the United Kingdom', '2011-12-29 11:07:44', '2011-12-29 11:07:44');

-- --------------------------------------------------------

--
-- Table structure for table `locations`
--

CREATE TABLE IF NOT EXISTS `locations` (
  `id` int(11) NOT NULL AUTO_INCREMENT,
  `document_id` int(11) DEFAULT NULL,
  `street1` varchar(255) DEFAULT NULL,
  `street2` varchar(255) DEFAULT NULL,
  `county` varchar(255) DEFAULT NULL,
  `town` varchar(255) DEFAULT NULL,
  `country` varchar(255) DEFAULT NULL,
  `additional_info` varchar(255) DEFAULT NULL,
  `created_at` datetime DEFAULT NULL,
  `updated_at` datetime DEFAULT NULL,
  PRIMARY KEY (`id`)
) ENGINE=MyISAM  DEFAULT CHARSET=latin1 AUTO_INCREMENT=133 ;

--
-- Dumping data for table `locations`
--

INSERT INTO `locations` (`id`, `document_id`, `street1`, `street2`, `county`, `town`, `country`, `additional_info`, `created_at`, `updated_at`) VALUES
(126, 90, '', '', 'Essex', 'Ashdon', 'United Kingdom', NULL, '2011-12-26 21:00:20', '2011-12-26 21:00:20'),
(2, 2, '', '', 'Cornwall', 'Newquay', 'United Kingdom', NULL, '2011-12-15 21:13:59', '2011-12-15 21:13:59'),
(4, 5, '', '', 'Leicestershire', 'Leicester', 'United Kingdom', NULL, '2011-12-15 21:24:20', '2011-12-15 21:24:20'),
(5, 7, '', '', 'London', 'London', 'United Kingdom', NULL, '2011-12-15 21:34:44', '2011-12-15 21:34:44'),
(6, 8, 'Frome Market', '', 'Somerset', 'Frome', 'United Kingdom', NULL, '2011-12-15 22:16:55', '2011-12-15 22:16:55'),
(7, 8, 'Witham Station', '', 'Somerset', 'Witham Friary', 'United Kingdom', NULL, '2011-12-15 22:16:55', '2011-12-15 22:16:55'),
(8, 8, '', '', 'Wiltshire', 'Salisbury', 'United Kingdom', NULL, '2011-12-15 22:16:55', '2011-12-15 22:16:55'),
(9, 8, '', '', 'Somerset', 'Bristol', 'United Kingdom', NULL, '2011-12-15 22:16:55', '2011-12-15 22:16:55'),
(10, 8, '', '', 'Somerset', 'Clifton', 'United Kingdom', NULL, '2011-12-15 22:16:55', '2011-12-15 22:16:55'),
(11, 8, '', '', 'Somerset', 'Upton', 'United Kingdom', NULL, '2011-12-15 22:16:55', '2011-12-15 22:16:55'),
(12, 9, '9 Theobalds Road', '', 'London', 'London', 'United Kingdom', NULL, '2011-12-15 22:35:02', '2011-12-15 22:35:02'),
(13, 12, 'Emabankment', '', 'London', 'London', 'United Kingdom', NULL, '2011-12-16 21:33:25', '2011-12-16 21:33:25'),
(14, 13, 'Buckingham Palace', '', 'London', 'London', 'United Kingdom', NULL, '2011-12-16 21:37:31', '2011-12-16 21:37:31'),
(15, 14, 'Westminster Abbey', '', 'London', 'London', 'United Kingdom', NULL, '2011-12-16 21:40:30', '2011-12-16 21:40:30'),
(16, 14, 'Dean''s Yard', '', 'London', 'London', 'Uniited Kingdom', NULL, '2011-12-16 21:40:30', '2011-12-16 21:40:30'),
(17, 15, '16 Fitzwilliam Road', '', 'Unknown', 'Unknown', 'United Kingdom', NULL, '2011-12-16 21:45:48', '2011-12-16 21:45:48'),
(18, 15, 'Clapham Common', '', 'London', 'Unknown', 'United Kingdom', NULL, '2011-12-16 21:45:48', '2011-12-16 21:45:48'),
(19, 16, 'Hampton Court', '', 'London', 'London', 'United Kingdom', NULL, '2011-12-16 21:50:04', '2011-12-16 21:50:04'),
(20, 17, 'Tower of London', '', 'London', 'London', 'United Kingdom', NULL, '2011-12-16 22:19:38', '2011-12-16 22:19:38'),
(21, 18, 'Kew Gardens', '', 'London', 'Kew', 'United Kingdom', NULL, '2011-12-16 22:23:31', '2011-12-16 22:23:31'),
(22, 19, '', '', 'Cornwall', 'Land''s End', 'United Kingdom', NULL, '2011-12-16 22:25:46', '2011-12-16 22:25:46'),
(23, 20, 'Dr Johnson', '', 'Cornwall', 'Land''s End', 'United Kingdom', NULL, '2011-12-16 22:29:03', '2011-12-16 22:29:03'),
(24, 21, '', '', 'Cornwall', 'Land''s End', 'United Kingdom', NULL, '2011-12-16 22:48:11', '2011-12-16 22:48:11'),
(25, 22, '', '', 'Cornwall', 'Land''s End', 'United Kingdom', NULL, '2011-12-16 23:35:38', '2011-12-16 23:35:38'),
(26, 23, '', '', 'Cornwall', 'Truro', 'United Kingdom', NULL, '2011-12-16 23:37:24', '2011-12-16 23:37:24'),
(27, 24, '', '', 'Cornwall', 'Lizard', 'United Kingdom', NULL, '2011-12-16 23:39:57', '2011-12-16 23:39:57'),
(28, 25, 'Towan Bay', '', 'Cornwall', 'Newquay', 'United Kingdom', NULL, '2011-12-17 00:24:11', '2011-12-17 00:24:11'),
(29, 26, 'Great Western Beach', '', 'Cornwall', 'Newquay', 'United Kingdom', NULL, '2011-12-17 00:26:11', '2011-12-17 00:26:11'),
(30, 27, 'Dr Johnson', '', 'Cornwall', 'Land''s End', 'United Kingdom', NULL, '2011-12-17 00:28:18', '2011-12-17 00:28:18'),
(31, 28, '', '', 'Cornwall', 'Land''s End', 'United Kingdom', NULL, '2011-12-17 00:31:46', '2011-12-17 00:31:46'),
(32, 29, 'Logan Rock', '', 'Cornwall', 'Land''s End', 'United Kingdom', NULL, '2011-12-17 00:33:32', '2011-12-17 00:33:32'),
(33, 30, '', '', 'Cornwall', 'Land''s End', 'United Kingdom', NULL, '2011-12-17 00:36:08', '2011-12-17 00:36:08'),
(34, 31, '', '', 'Cornwall', 'Land''s End', 'United Kingdom', NULL, '2011-12-17 00:37:47', '2011-12-17 00:37:47'),
(35, 32, 'Doctor Syntax', '', 'Cornwall', 'Land''s End', 'United Kingdom', NULL, '2011-12-17 00:39:57', '2011-12-17 00:39:57'),
(36, 33, '', '', 'Cornwall', 'Land''s End', 'United Kingdom', NULL, '2011-12-17 00:43:51', '2011-12-17 00:43:51'),
(37, 34, '', '', 'Cornwall', 'Land''s End', 'United Kingdom', NULL, '2011-12-17 00:46:18', '2011-12-17 00:46:18'),
(38, 35, '', '', 'Cornwall', 'Land''s End', 'United Kingdom', NULL, '2011-12-17 00:49:16', '2011-12-17 00:49:16'),
(39, 36, '', '', 'Devon', 'Torquay', 'United Kingdom', NULL, '2011-12-17 00:51:18', '2011-12-17 00:51:18'),
(40, 37, 'Exeter Cathedral', '', 'Devon', 'Exeter', 'United Kingdom', NULL, '2011-12-17 08:31:15', '2011-12-17 08:31:15'),
(41, 38, 'Harbour Mouth', '', 'Devon', 'Dartmouth', 'United Kingdom', NULL, '2011-12-17 08:34:50', '2011-12-17 08:34:50'),
(42, 39, 'Glen Lyn', '', 'Devon', 'Lynmouth', 'United Kingdom', NULL, '2011-12-17 09:25:40', '2011-12-17 09:25:40'),
(43, 40, 'The Coast', '', 'Devon', 'Lynmourh', 'United Kingdom', NULL, '2011-12-17 09:29:16', '2011-12-17 09:29:16'),
(44, 40, 'Smuggler''s Cave', '', 'Devon', 'Lynmouth', 'United Kingdom', NULL, '2011-12-17 09:29:16', '2011-12-17 09:29:16'),
(45, 40, 'Lee Abbey', '', 'Devon', 'Lynmouth', 'United Kingdom', NULL, '2011-12-17 09:29:16', '2011-12-17 09:29:16'),
(46, 41, 'Countisbury Hill', '', 'Devon', 'Lynmouth', 'United Kingdom', NULL, '2011-12-17 20:02:02', '2011-12-17 20:02:02'),
(47, 41, 'Foreland', '', 'Devon', 'Lynmouth', 'United Kingdom', NULL, '2011-12-17 20:02:02', '2011-12-17 20:02:02'),
(48, 42, '', '', 'Devon', 'Lynmouth', 'United Kingdom', NULL, '2011-12-18 21:06:03', '2011-12-18 21:06:03'),
(49, 43, '', '', 'Devon', 'Lynmouth', 'United Kingdom', NULL, '2011-12-18 21:07:50', '2011-12-18 21:07:50'),
(50, 43, '', '', 'Devon', 'Lynton', 'United Kingdom', NULL, '2011-12-18 21:07:50', '2011-12-18 21:07:50'),
(51, 44, 'Castle Rock', '', 'Devon', 'Lynton', 'United Kingdom', NULL, '2011-12-18 21:09:39', '2011-12-18 21:09:39'),
(52, 45, 'Woody Bay', '', 'Devon', 'Lynton', 'United Kingdom', NULL, '2011-12-18 21:11:31', '2011-12-18 21:11:31'),
(53, 46, 'The Lyn', '', 'Devon', 'Lynmouth', 'United Kingdom', NULL, '2011-12-18 21:13:08', '2011-12-18 21:13:08'),
(54, 47, 'Lee Abbey', '', 'Devon', 'Lynton', 'United Kingdom', NULL, '2011-12-18 21:14:33', '2011-12-18 21:14:33'),
(55, 48, 'The East Lyn', '', 'Devon', 'Lynmouth', 'United Kingdom', NULL, '2011-12-18 21:17:37', '2011-12-18 21:17:37'),
(56, 49, 'Mars Hill', '', 'Devon', 'Lynmouth', 'United Kingdom', NULL, '2011-12-18 21:19:04', '2011-12-18 21:19:04'),
(57, 50, '', '', 'Devon', 'Lynmouth', 'United Kingdom', NULL, '2011-12-18 21:24:25', '2011-12-18 21:24:25'),
(58, 51, '', '', 'Devon', 'Exeter', 'United Kingdom', NULL, '2011-12-18 21:45:37', '2011-12-18 21:45:37'),
(59, 52, '', '', 'Devon', 'Lynton', 'United Kingdom', NULL, '2011-12-18 21:50:05', '2011-12-18 21:50:05'),
(60, 53, '', '', 'Devon', 'Lynton', 'United Kingdom', NULL, '2011-12-18 21:51:34', '2011-12-18 21:51:34'),
(61, 54, '', '', 'Devon', 'Brixham', 'United Kingdom', NULL, '2011-12-18 21:53:19', '2011-12-18 21:53:19'),
(62, 55, '', '', 'Devon', '', 'United Kingdom', NULL, '2011-12-18 22:03:02', '2011-12-18 22:03:02'),
(63, 55, '', '', 'Devon', 'Exeter', 'United Kingdom', NULL, '2011-12-18 22:03:02', '2011-12-18 22:03:02'),
(64, 55, '', '', 'Devon', 'Plymouth', 'United Kingdom', NULL, '2011-12-18 22:03:02', '2011-12-18 22:03:02'),
(65, 55, '', '', 'Devon', 'Tiverton', 'United Kingdom', NULL, '2011-12-18 22:03:02', '2011-12-18 22:03:02'),
(66, 55, '', '', 'Devon', 'Plymstock', 'United Kingdom', NULL, '2011-12-18 22:03:02', '2011-12-18 22:03:02'),
(67, 55, '', '', 'Devon', 'Plympton', 'United Kingdom', NULL, '2011-12-18 22:03:02', '2011-12-18 22:03:02'),
(68, 55, '', '', 'Devon', 'Bigbury on Sea', 'United Kingdom', NULL, '2011-12-18 22:03:02', '2011-12-18 22:03:02'),
(69, 55, '', '', 'Devon', 'Princetown', 'United Kingdom', NULL, '2011-12-18 22:03:02', '2011-12-18 22:03:02'),
(70, 55, '', '', 'Devon', 'Postbridge', 'United Kingdom', NULL, '2011-12-18 22:03:02', '2011-12-18 22:03:02'),
(71, 55, 'Buckfast Abbey', '', 'Devon', 'Buckfastleigh', 'United Kingdom', NULL, '2011-12-18 22:03:02', '2011-12-18 22:03:02'),
(72, 55, '', '', 'Devon', 'Ashburton', 'United Kingdom', NULL, '2011-12-18 22:03:02', '2011-12-18 22:03:02'),
(73, 55, '', '', 'Devon', 'Totnes', 'United Kingdom', NULL, '2011-12-18 22:03:02', '2011-12-18 22:03:02'),
(74, 55, '', '', 'Devon', 'Kingsbridge', 'United Kingdom', NULL, '2011-12-18 22:03:02', '2011-12-18 22:03:02'),
(75, 55, '', '', 'Devon', 'Torcross', 'United Kingdom', NULL, '2011-12-18 22:03:02', '2011-12-18 22:03:02'),
(76, 55, '', '', 'Devon', 'Widecombe in the Moor', 'United Kingdom', NULL, '2011-12-18 22:03:02', '2011-12-18 22:03:02'),
(77, 55, '', '', 'Devon', 'Newton Abbot', 'United Kingdom', NULL, '2011-12-18 22:03:02', '2011-12-18 22:03:02'),
(78, 55, '', '', 'Devon', 'Crediton', 'United Kingdom', NULL, '2011-12-18 22:03:02', '2011-12-18 22:03:02'),
(79, 55, '', '', 'Devon', 'Chagford', 'United Kingdom', NULL, '2011-12-18 22:03:02', '2011-12-18 22:03:02'),
(80, 55, '', '', 'Devon', 'Moreton Hampstead', 'United Kingdom', NULL, '2011-12-18 22:03:02', '2011-12-18 22:03:02'),
(81, 55, '', '', 'Devon', 'Bovey Tracey', 'United Kingdom', NULL, '2011-12-18 22:03:02', '2011-12-18 22:03:02'),
(82, 55, '', '', 'Devon', 'Teignmouth', 'United Kingdom', NULL, '2011-12-18 22:03:02', '2011-12-18 22:03:02'),
(83, 55, '', '', 'Devon', 'Dawlish', 'United Kingdom', NULL, '2011-12-18 22:03:02', '2011-12-18 22:03:02'),
(84, 55, '', '', 'Devon', 'Exmouth', 'United Kingdom', NULL, '2011-12-18 22:03:02', '2011-12-18 22:03:02'),
(85, 55, '', '', 'Devon', 'Cullompton', 'United Kingdom', NULL, '2011-12-18 22:03:02', '2011-12-18 22:03:02'),
(86, 55, '', '', 'Devon', 'Hayes Barton', 'United Kingdom', NULL, '2011-12-18 22:03:02', '2011-12-18 22:03:02'),
(87, 55, '', '', 'Devon', 'Honiton', 'United Kingdom', NULL, '2011-12-18 22:03:02', '2011-12-18 22:03:02'),
(88, 55, '', '', 'Devon', 'Sidmouth', 'United Kingdom', NULL, '2011-12-18 22:03:02', '2011-12-18 22:03:02'),
(89, 55, '', '', 'Devon', 'Beer', 'United Kingdom', NULL, '2011-12-18 22:03:02', '2011-12-18 22:03:02'),
(90, 55, '', '', 'Devon', 'Seaton', 'United Kingdom', NULL, '2011-12-18 22:03:02', '2011-12-18 22:03:02'),
(91, 55, '', '', 'Devon', 'Budleigh Salterton', 'United Kingdom', NULL, '2011-12-18 22:03:02', '2011-12-18 22:03:02'),
(92, 55, '', '', 'Devon', 'Babbacombe', 'United Kingdom', NULL, '2011-12-18 22:03:02', '2011-12-18 22:03:02'),
(93, 55, '', '', 'Devon', 'Paignton', 'United Kingdom', NULL, '2011-12-18 22:03:02', '2011-12-18 22:03:02'),
(94, 55, '', '', 'Devon', 'Dartmouth', 'United Kingdom', NULL, '2011-12-18 22:03:02', '2011-12-18 22:03:02'),
(95, 56, 'St Boniface Downs', '', 'Isle of Wight', 'Ventnor', 'United Kingdom', NULL, '2011-12-18 22:05:57', '2011-12-18 22:05:57'),
(96, 57, 'Carisbrooke Castle', '', 'Isle of Wight', 'Carisbrooke', 'United Kingdom', NULL, '2011-12-18 22:08:18', '2011-12-18 22:08:18'),
(97, 58, '', '', 'Isle of Wight', 'Alum Bay', 'United Kingdom', NULL, '2011-12-18 22:10:59', '2011-12-18 22:10:59'),
(98, 59, 'Carisbrooke Castle', '', 'Isle of Wight', 'Carisbrooke', 'United Kingdom', NULL, '2011-12-18 22:16:42', '2011-12-18 22:16:42'),
(99, 60, 'Blackgang Chine', '', 'Isle of Wight', 'Blackgang', 'United Kingdom', NULL, '2011-12-18 22:19:49', '2011-12-18 22:19:49'),
(100, 61, '', '', 'Isle of Wight', 'Highcliffe on Sea', 'United Kingdom', NULL, '2011-12-18 22:22:03', '2011-12-18 22:22:03'),
(101, 62, 'Totland Bay', '', 'Isle of Wight', 'Totland', 'United Kingdom', NULL, '2011-12-18 22:25:10', '2011-12-18 22:25:10'),
(102, 63, 'Carisbrooke Castle', '', 'Isle of Wight', 'Carisbrooke', 'United Kingdom', NULL, '2011-12-18 22:26:48', '2011-12-18 22:26:48'),
(103, 64, '', '', 'Isle of Wight', 'Ventnor', 'United Kingdom', NULL, '2011-12-18 22:33:03', '2011-12-18 22:33:03'),
(104, 65, 'St Catherine''s Lighthouse', '', 'Isle of Wight', 'Niton Undercliffe', 'United Kingdom', NULL, '2011-12-18 22:39:09', '2011-12-18 22:39:09'),
(105, 65, '', '', 'Isle of Wight', 'Ventnor', 'United Kingdom', NULL, '2011-12-18 22:39:09', '2011-12-18 22:39:09'),
(106, 66, 'Carisbrooke Castle', '', 'Isle of Wight', 'Carisbrooke', 'United Kingdom', NULL, '2011-12-18 22:40:56', '2011-12-18 22:40:56'),
(107, 67, '', '', 'Isle of Wight', 'Brightstone', 'United Kingdom', NULL, '2011-12-18 22:46:16', '2011-12-18 22:46:16'),
(108, 67, 'Brambles', '', 'Isle of Wight', 'Freshwater', 'United Kingdom', NULL, '2011-12-18 22:46:16', '2011-12-18 22:46:16'),
(109, 67, '', '', 'Isle of Wight', 'Ryde', 'United Kingdom', NULL, '2011-12-18 22:46:16', '2011-12-18 22:46:16'),
(110, 68, 'Cliff Path', '', 'Isle of Wight', 'Sandown', 'United Kingdom', NULL, '2011-12-18 22:49:21', '2011-12-18 22:49:21'),
(111, 68, 'The Needles', '', 'Isle of Wight', 'Alum Bay', 'United Kingdom', NULL, '2011-12-18 22:49:21', '2011-12-18 22:49:21'),
(112, 68, 'The Old Village', '', 'Isle of Wight', 'Shanklin', 'United Kingdom', NULL, '2011-12-18 22:49:21', '2011-12-18 22:49:21'),
(113, 68, 'Blackgang Chine', '', 'Isle of Wight', 'Blackgang', 'United Kingdom', NULL, '2011-12-18 22:49:21', '2011-12-18 22:49:21'),
(114, 68, 'Winkle Street', '', 'Isle of Wight', 'Calbourn', 'United Kingdom', NULL, '2011-12-18 22:49:21', '2011-12-18 22:49:21'),
(115, 69, '', '', 'Isle of Wight', 'Shanklin', 'United Kingdom', NULL, '2011-12-18 22:51:20', '2011-12-18 22:51:20'),
(116, 69, '', '', 'Isle of Wight', 'Luccombe', 'United Kingdom', NULL, '2011-12-18 22:51:20', '2011-12-18 22:51:20'),
(117, 70, 'The Cowlease', '', 'Isle of Wight', 'Shanklin', 'United Kingdom', NULL, '2011-12-18 22:55:26', '2011-12-18 22:55:26'),
(118, 71, '', '', 'Dorset', 'Shanklin', 'United Kingdom', NULL, '2011-12-18 22:59:10', '2011-12-18 22:59:10'),
(119, 72, 'The Needles', '', 'Isle of Wight', 'Alum Bay', 'United Kingdom', NULL, '2011-12-18 23:01:26', '2011-12-18 23:01:26'),
(120, 73, 'Tolcarne Beach', '', 'Cornwall', 'Newquay', 'United Kingdom', NULL, '2011-12-18 23:06:13', '2011-12-18 23:06:13'),
(127, 96, '', '', 'Bedfordshire', 'Heysoe', 'United Kingdom', NULL, '2011-12-29 11:40:13', '2011-12-29 11:40:13'),
(128, 97, 'Ely Cathedral', '', 'Cambridgeshire', 'Ely', 'United Kingdom', NULL, '2012-01-08 17:22:59', '2012-01-08 17:22:59'),
(129, 98, 'Minster Place', '', 'Cambridgeshire', 'Ely', 'United Kingdom', NULL, '2012-01-08 17:38:23', '2012-01-08 17:38:23'),
(130, 99, '', '', 'Norfolk', 'Kings Lynn', 'United Kingdom', NULL, '2012-01-08 17:54:08', '2012-01-08 17:54:08'),
(131, 99, '', '', 'Cambridgeshire', 'Cambridge', 'United Kingdom', NULL, '2012-01-08 17:54:08', '2012-01-08 17:54:08'),
(132, 99, 'Bull Inn', 'Bishopsgate Street', 'Middlesex', 'London', 'United Kingdom', NULL, '2012-01-08 17:54:08', '2012-01-08 17:54:08');

-- --------------------------------------------------------

--
-- Table structure for table `orders`
--

CREATE TABLE IF NOT EXISTS `orders` (
  `id` int(11) NOT NULL AUTO_INCREMENT,
  `seller_id` int(11) DEFAULT NULL,
  `buyer_id` int(11) DEFAULT NULL,
  `document_id` int(11) DEFAULT NULL,
  `invoice` varchar(255) DEFAULT NULL,
  `document_name` varchar(255) DEFAULT NULL,
  `item_number` varchar(255) DEFAULT NULL,
  `buyer_email` varchar(255) DEFAULT NULL,
  `buyer_first_name` varchar(255) DEFAULT NULL,
  `buyer_last_name` varchar(255) DEFAULT NULL,
  `buyer_address1` varchar(255) DEFAULT NULL,
  `buyer_address2` varchar(255) DEFAULT NULL,
  `buyer_postcode` varchar(255) DEFAULT NULL,
  `buyer_city` varchar(255) DEFAULT NULL,
  `buyer_country` varchar(255) DEFAULT NULL,
  `amount` decimal(10,0) DEFAULT NULL,
  `paypal_status` varchar(255) DEFAULT NULL,
  `paypal_txn_no` varchar(255) DEFAULT NULL,
  `paid_status` tinyint(1) DEFAULT '0',
  `paypal_ipn_msg` text,
  `created_at` datetime DEFAULT NULL,
  `updated_at` datetime DEFAULT NULL,
  PRIMARY KEY (`id`)
) ENGINE=MyISAM  DEFAULT CHARSET=latin1 AUTO_INCREMENT=2 ;

--
-- Dumping data for table `orders`
--

INSERT INTO `orders` (`id`, `seller_id`, `buyer_id`, `document_id`, `invoice`, `document_name`, `item_number`, `buyer_email`, `buyer_first_name`, `buyer_last_name`, `buyer_address1`, `buyer_address2`, `buyer_postcode`, `buyer_city`, `buyer_country`, `amount`, `paypal_status`, `paypal_txn_no`, `paid_status`, `paypal_ipn_msg`, `created_at`, `updated_at`) VALUES
(1, 2, NULL, 1, NULL, 'The Test book for past and paper developement', '1', 'bibek_1323932515_per@gmail.com', 'Test', 'User', NULL, NULL, NULL, NULL, NULL, '50', 'Completed', '60N17762A5162423S', 1, '{"handling_amount"=>"0.00", "payer_id"=>"GAW9W4FT6WGMY", "ipn_track_id"=>"2DXpfax6FfJ4PbX1rdJCzQ", "shipping"=>"0.00", "charset"=>"windows-1252", "payment_gross"=>"", "verify_sign"=>"A4kLbTx3lP.ELAMW3EhHjEIzNNERACvnnfsXX.Y3eQOlF-bA5AKWdi3G", "item_name"=>"The Test book for past and paper developement", "test_ipn"=>"1", "txn_type"=>"web_accept", "receiver_id"=>"ZSLCY2KSA5S76", "payment_fee"=>"", "mc_currency"=>"GBP", "transaction_subject"=>"1", "custom"=>"1", "protection_eligibility"=>"Ineligible", "payer_status"=>"verified", "first_name"=>"Test", "mc_gross"=>"50.00", "payment_date"=>"23:06:04 Dec 14, 2011 PST", "payment_status"=>"Completed", "quantity"=>"1", "business"=>"bibek_1316595699_biz@gmail.com", "item_number"=>"1", "last_name"=>"User", "txn_id"=>"60N17762A5162423S", "mc_fee"=>"1.90", "resend"=>"true", "payment_type"=>"instant", "notify_version"=>"3.4", "payer_email"=>"bibek_1323932515_per@gmail.com", "receiver_email"=>"bibek_1316595699_biz@gmail.com", "tax"=>"0.00", "residence_country"=>"GB", "controller"=>"payments", "action"=>"create"}', '2011-12-15 07:06:16', '2011-12-15 08:34:31');

-- --------------------------------------------------------

--
-- Table structure for table `people`
--

CREATE TABLE IF NOT EXISTS `people` (
  `id` int(11) NOT NULL AUTO_INCREMENT,
  `document_id` int(11) DEFAULT NULL,
  `title` varchar(255) DEFAULT NULL,
  `first_name` varchar(255) DEFAULT NULL,
  `middle_name` varchar(255) DEFAULT NULL,
  `last_name` varchar(255) DEFAULT NULL,
  `maiden_name` varchar(255) DEFAULT NULL,
  `sex` varchar(255) DEFAULT NULL,
  `created_at` datetime DEFAULT NULL,
  `updated_at` datetime DEFAULT NULL,
  PRIMARY KEY (`id`)
) ENGINE=MyISAM  DEFAULT CHARSET=latin1 AUTO_INCREMENT=268 ;

--
-- Dumping data for table `people`
--

INSERT INTO `people` (`id`, `document_id`, `title`, `first_name`, `middle_name`, `last_name`, `maiden_name`, `sex`, `created_at`, `updated_at`) VALUES
(106, 84, '', '', '', 'Unknown', NULL, 'Unknown', '2011-12-23 08:40:10', '2011-12-23 08:40:10'),
(2, 2, 'Mr', 'Dan', 'W', 'Arnold', NULL, 'Male', '2011-12-15 15:06:10', '2011-12-15 21:13:59'),
(79, 83, 'Mrs', 'Deborah', '', 'Kellham', NULL, 'Female', '2011-12-22 19:24:28', '2011-12-22 19:24:28'),
(78, 83, 'Mr', 'Charles', '', 'Kellham', NULL, 'Male', '2011-12-22 19:24:28', '2011-12-22 19:24:28'),
(68, 74, '', '', '', '', NULL, 'Unknown', '2011-12-19 19:44:07', '2011-12-19 19:44:07'),
(6, 8, 'Mr', 'Thomas', '', 'Goddard', NULL, 'Male', '2011-12-15 22:09:16', '2011-12-15 22:09:16'),
(7, 8, 'Mr', 'Henry', '', 'Gibbons', NULL, 'Male', '2011-12-15 22:09:17', '2011-12-15 22:09:17'),
(8, 8, 'Mr', 'William', '', 'Wallwinn', NULL, 'Male', '2011-12-15 22:09:17', '2011-12-15 22:09:17'),
(9, 8, 'Mr', '?', '', 'Ames', NULL, 'Male', '2011-12-15 22:09:17', '2011-12-15 22:09:17'),
(10, 8, '', 'James', '', 'Fitz', NULL, 'Male', '2011-12-15 22:09:17', '2011-12-15 22:09:17'),
(11, 8, 'Mr', 'J', '', 'Barnes', NULL, 'Male', '2011-12-15 22:09:17', '2011-12-15 22:09:17'),
(12, 8, 'Mr', '?', '', 'Doman', NULL, 'Male', '2011-12-15 22:09:17', '2011-12-15 22:09:17'),
(13, 8, 'Mr', '?', '', 'Cheese', NULL, 'Male', '2011-12-15 22:13:35', '2011-12-15 22:13:35'),
(14, 8, 'Mr', 'B', '', 'Herrington', NULL, 'Male', '2011-12-15 22:13:35', '2011-12-15 22:13:35'),
(15, 8, 'Mr', '?', '', 'White', NULL, 'Male', '2011-12-15 22:13:35', '2011-12-15 22:13:35'),
(16, 8, '', 'Henry', '', 'James', NULL, 'Male', '2011-12-15 22:13:35', '2011-12-15 22:13:35'),
(17, 8, 'Mr', 'J', '', 'Butler', NULL, 'Male', '2011-12-15 22:13:35', '2011-12-15 22:13:35'),
(18, 8, 'Mr', 'P', '', 'Walter', NULL, 'Male', '2011-12-15 22:13:35', '2011-12-15 22:13:35'),
(19, 8, 'Mr', 'R', '', 'Coobs', NULL, 'Male', '2011-12-15 22:13:35', '2011-12-15 22:13:35'),
(20, 8, '', 'Richard', '', 'Cock', NULL, 'Male', '2011-12-15 22:13:35', '2011-12-15 22:13:35'),
(21, 8, 'Mr', 'Joe', '', 'Butler', NULL, 'Male', '2011-12-15 22:13:35', '2011-12-15 22:13:35'),
(22, 8, '', '?', '', 'Cox', NULL, 'Unknown', '2011-12-15 22:13:35', '2011-12-15 22:13:35'),
(23, 8, 'Mr', 'William', '', 'Fitz', NULL, 'Male', '2011-12-15 22:13:35', '2011-12-15 22:13:35'),
(24, 8, '', 'William', '', 'James', NULL, 'Male', '2011-12-15 22:13:35', '2011-12-15 22:13:35'),
(25, 8, 'Mr', '?', '', 'Noble', NULL, 'Male', '2011-12-15 22:13:35', '2011-12-15 22:13:35'),
(26, 8, '', 'George', '', 'Scammel', NULL, 'Male', '2011-12-15 22:13:35', '2011-12-15 22:13:35'),
(27, 8, 'Mr', '?', '', 'Glace', NULL, 'Male', '2011-12-15 22:13:35', '2011-12-15 22:13:35'),
(28, 9, 'Rev', 'Richard', '', 'Jenkyns', NULL, 'Male', '2011-12-15 22:25:42', '2011-12-15 22:25:42'),
(29, 9, 'Mrs', 'Rosa', 'Isabella', 'Jenkyns', NULL, 'Female', '2011-12-15 22:25:42', '2011-12-15 22:25:42'),
(30, 9, 'Sir', 'Henry', '', 'Jenkyns', NULL, 'Male', '2011-12-15 22:25:42', '2011-12-15 22:25:42'),
(31, 9, 'Col', 'Charles', 'Edward', 'Aderton', NULL, 'Male', '2011-12-15 22:25:42', '2011-12-15 22:35:02'),
(32, 9, 'Miss', 'Gwendoline', 'Harriet', 'Jenkyns', NULL, 'Female', '2011-12-15 22:35:02', '2011-12-15 22:35:02'),
(33, 9, 'Rev', 'Ebenezer', 'Douglas', 'Slarey', NULL, 'Male', '2011-12-15 22:35:02', '2011-12-15 22:35:02'),
(34, 9, 'Mrs', 'Mary', '', 'Slarey', NULL, 'Female', '2011-12-15 22:35:02', '2011-12-15 22:35:02'),
(35, 9, 'Rev', 'Robert', 'Milford', 'Aderton', NULL, 'Male', '2011-12-15 22:35:02', '2011-12-15 22:35:02'),
(36, 9, '', 'Gerald', 'Thomas Aderton', 'Jenkyns', NULL, 'Male', '2011-12-15 22:35:02', '2011-12-15 22:35:02'),
(37, 9, '', 'George', 'Byron', 'Coulson', NULL, 'Male', '2011-12-15 22:35:02', '2011-12-15 22:35:02'),
(38, 9, 'Rev', 'Basil', 'Silver', 'Aldwell', NULL, 'Male', '2011-12-15 22:35:02', '2011-12-15 22:35:02'),
(39, 9, '', 'James', 'Black', 'Noble', NULL, 'Male', '2011-12-15 22:35:02', '2011-12-15 22:35:02'),
(40, 10, 'Mr', 'Thomas', '', 'Pope', NULL, 'Male', '2011-12-15 22:46:23', '2011-12-15 22:46:23'),
(41, 10, '', 'Edward', '', 'Wilbraham', NULL, 'Male', '2011-12-15 22:46:23', '2011-12-15 22:46:23'),
(42, 10, 'Mrs', 'Sarah', '', 'Wilbraham', NULL, 'Female', '2011-12-15 22:46:23', '2011-12-15 22:46:23'),
(43, 10, '', 'Timothy', '', 'Lewis', NULL, 'Male', '2011-12-15 22:46:23', '2011-12-15 22:46:23'),
(44, 13, 'Mrs', 'Unknown', '', 'Smith', NULL, 'Female', '2011-12-16 21:37:31', '2011-12-16 21:37:31'),
(45, 13, '', 'Stanley', '', 'Unknown', NULL, 'Male', '2011-12-16 21:37:32', '2011-12-16 21:37:32'),
(46, 14, 'Mrs', 'E', '', 'Newton', NULL, 'Female', '2011-12-16 21:40:30', '2011-12-16 21:40:30'),
(47, 15, 'Miss', 'Lizzie', '', 'Sexton', NULL, 'Female', '2011-12-16 21:45:48', '2011-12-16 21:45:48'),
(48, 18, 'Miss', 'A', 'E', 'Phillips', NULL, 'Female', '2011-12-16 22:22:48', '2011-12-16 22:22:48'),
(49, 28, '', 'D', '', 'Sookie', NULL, 'Unknown', '2011-12-17 00:31:46', '2011-12-17 00:31:46'),
(50, 28, 'Mrs', 'Unknown', '', 'Thomas', NULL, 'Female', '2011-12-17 00:31:46', '2011-12-17 00:31:46'),
(51, 33, 'Mrs', 'A', '', 'Houslop', NULL, 'Unknown', '2011-12-17 00:43:51', '2011-12-17 00:43:51'),
(52, 50, 'Mr', 'George', '', 'Snow', NULL, 'Male', '2011-12-18 21:22:37', '2011-12-18 21:24:25'),
(53, 50, 'Mr', '', '', 'Lonsdale', NULL, 'Male', '2011-12-18 21:24:25', '2011-12-18 21:24:25'),
(54, 50, '', 'Willie', '', '', NULL, 'Unknown', '2011-12-18 21:24:25', '2011-12-18 21:24:25'),
(55, 59, 'Mr', '', '', 'Hassell', NULL, 'Male', '2011-12-18 22:16:42', '2011-12-18 22:16:42'),
(56, 59, 'Mrs', '', '', 'Hassell', NULL, 'Female', '2011-12-18 22:16:42', '2011-12-18 22:16:42'),
(57, 59, '', 'Lulu', '', '', NULL, 'Unknown', '2011-12-18 22:16:42', '2011-12-18 22:16:42'),
(58, 64, 'Mr', 'A', 'H', 'Purser', NULL, 'Male', '2011-12-18 22:33:03', '2011-12-18 22:33:03'),
(59, 64, 'Uncle', 'Frank', '', '', NULL, 'Male', '2011-12-18 22:33:03', '2011-12-18 22:33:03'),
(60, 65, 'Miss', 'H', '', 'Smyth', NULL, 'Female', '2011-12-18 22:39:09', '2011-12-18 22:39:09'),
(61, 67, 'Mrs', '', '', 'Adams', NULL, 'Female', '2011-12-18 22:46:16', '2011-12-18 22:46:16'),
(62, 70, 'Mr', 'J', '', 'Chambers', NULL, 'Male', '2011-12-18 22:55:26', '2011-12-18 22:55:26'),
(63, 70, 'Mrs', '', '', 'Chambers', NULL, 'Female', '2011-12-18 22:55:26', '2011-12-18 22:55:26'),
(64, 70, '', 'Martyn', '', '', NULL, 'Male', '2011-12-18 22:55:26', '2011-12-18 22:55:26'),
(65, 71, 'Mrs', 'J', '', 'Edwards', NULL, 'Female', '2011-12-18 22:59:10', '2011-12-18 22:59:10'),
(66, 71, '', 'Lily', '', 'Edwards', NULL, 'Female', '2011-12-18 22:59:10', '2011-12-18 22:59:10'),
(67, 73, 'Miss', 'Helen', '', 'Palmer Douglas', NULL, 'Female', '2011-12-18 23:06:13', '2011-12-18 23:06:13'),
(69, 75, '', '', '', 'Unknown', NULL, 'Male', '2011-12-19 20:10:57', '2011-12-19 20:10:57'),
(70, 76, '', 'Emily', '', 'Turner', NULL, 'Female', '2011-12-19 20:13:15', '2011-12-19 20:13:15'),
(71, 77, 'Uncle', 'James', '', '', NULL, 'Male', '2011-12-19 20:19:17', '2011-12-19 20:19:17'),
(72, 78, '', '', '', 'Unknown', NULL, 'Unknown', '2011-12-19 20:29:49', '2011-12-19 20:29:49'),
(73, 79, '', 'Wilfred', '', 'Kerhaw', NULL, 'Male', '2011-12-19 20:34:04', '2011-12-19 20:34:04'),
(74, 79, 'Mrs', '', '', 'Kershaw', NULL, 'Female', '2011-12-19 20:34:04', '2011-12-19 20:34:04'),
(75, 80, '', '', '', 'Unknown', NULL, 'Male', '2011-12-19 20:37:07', '2011-12-19 20:37:07'),
(76, 81, '', '', '', 'Unknown', NULL, 'Female', '2011-12-19 20:38:45', '2011-12-19 20:38:45'),
(77, 82, '', '', '', 'Unknown', NULL, 'Female', '2011-12-19 20:40:47', '2011-12-19 20:40:47'),
(80, 83, 'Mr', 'William', '', 'Nichols', NULL, 'Male', '2011-12-22 19:24:28', '2011-12-22 19:24:28'),
(81, 83, 'Mrs', 'Mary', '', 'Nichols', NULL, 'Female', '2011-12-22 19:24:28', '2011-12-22 19:24:28'),
(82, 83, '', 'William', '', 'Kellham', NULL, 'Male', '2011-12-22 19:28:01', '2011-12-22 19:28:01'),
(83, 83, '', 'Olive', '', 'Nichols', NULL, 'Female', '2011-12-22 19:28:01', '2011-12-22 19:28:01'),
(84, 83, '', 'Charles', '', 'Kellham', NULL, 'Male', '2011-12-22 19:53:27', '2011-12-22 19:53:27'),
(85, 83, '', 'William', '', 'Kellham', NULL, 'Male', '2011-12-22 19:53:27', '2011-12-22 19:53:27'),
(86, 83, '', 'William', 'John', 'Kellham', NULL, 'Male', '2011-12-22 19:53:27', '2011-12-22 19:53:27'),
(87, 83, '', 'John', '', 'William', NULL, 'Male', '2011-12-22 19:53:27', '2011-12-22 19:53:27'),
(88, 83, '', 'James', '', 'Kellham', NULL, 'Male', '2011-12-22 19:53:27', '2011-12-22 19:53:27'),
(89, 83, '', 'Georgina', '', 'Williams', NULL, 'Female', '2011-12-22 19:53:27', '2011-12-22 19:53:27'),
(90, 83, '', 'Nina', 'Olive', 'Kellham', NULL, 'Female', '2011-12-22 19:53:27', '2011-12-22 19:53:27'),
(91, 83, '', 'Charles', '', 'Kellham', NULL, 'Male', '2011-12-22 19:53:27', '2011-12-22 19:53:27'),
(92, 83, '', 'Richard', '', 'Kellham', NULL, 'Male', '2011-12-22 19:53:27', '2011-12-22 19:53:27'),
(93, 83, '', 'Olive', '', 'Kellham', NULL, 'Female', '2011-12-22 19:53:27', '2011-12-22 19:53:27'),
(94, 83, '', 'William', '', 'Kellham', NULL, 'Male', '2011-12-22 19:53:27', '2011-12-22 19:53:27'),
(95, 83, '', 'Charles', 'Bird', 'Kellham', NULL, 'Male', '2011-12-22 19:53:27', '2011-12-22 19:53:27'),
(96, 83, '', 'Ann', '', 'Kellham', NULL, 'Female', '2011-12-22 19:58:51', '2011-12-22 19:58:51'),
(97, 83, '', 'Lancelot', '', 'Wilkinson', NULL, 'Male', '2011-12-22 19:58:51', '2011-12-22 19:58:51'),
(98, 83, '', 'Lancelot', '', 'Wilkinson', NULL, 'Male', '2011-12-22 19:58:51', '2011-12-22 19:58:51'),
(99, 83, '', 'George', '', 'Wilkinson', NULL, 'Male', '2011-12-22 19:58:51', '2011-12-22 19:58:51'),
(100, 83, '', 'Elizabeth', '', 'Wilkinson', NULL, 'Female', '2011-12-22 19:58:51', '2011-12-22 19:58:51'),
(101, 83, '', 'Lancelot', '', 'Wilkinson', NULL, 'Male', '2011-12-22 19:58:51', '2011-12-22 19:58:51'),
(102, 83, '', 'Anne', '', 'Wilkinson', NULL, 'Female', '2011-12-22 19:58:51', '2011-12-22 19:58:51'),
(103, 83, '', 'Charles', '', 'Wilkinson', NULL, 'Male', '2011-12-22 19:58:51', '2011-12-22 19:58:51'),
(104, 83, '', 'Lancelot', '', 'Wilkinson', NULL, 'Male', '2011-12-22 19:58:51', '2011-12-22 19:58:51'),
(105, 83, '', 'Mary', 'Ann', 'Wilkinson', NULL, 'Female', '2011-12-22 19:58:51', '2011-12-22 19:58:51'),
(107, 85, '', '', '', 'Unknown', NULL, 'Male', '2011-12-26 20:22:54', '2011-12-26 20:22:54'),
(108, 86, '', '', '', 'Unknown', NULL, 'Female', '2011-12-26 20:26:25', '2011-12-26 20:26:25'),
(109, 87, '', '', '', 'Unknown', NULL, 'Female', '2011-12-26 20:30:38', '2011-12-26 20:30:38'),
(110, 87, '', '', '', 'Unknown', NULL, 'Unknown', '2011-12-26 20:30:38', '2011-12-26 20:30:38'),
(111, 88, 'Mrs', '', '', 'Gooch', NULL, 'Female', '2011-12-26 20:34:49', '2011-12-26 20:34:49'),
(112, 88, '', 'Ann', 'Easter', 'Bartram', NULL, 'Female', '2011-12-26 20:34:49', '2011-12-26 20:34:49'),
(113, 89, '', 'Frederick', 'G', 'Burrows', NULL, 'Male', '2011-12-26 20:37:53', '2011-12-26 20:37:53'),
(114, 90, '', 'Richard', 'Charles', 'Eason', NULL, 'Male', '2011-12-26 21:00:20', '2011-12-26 21:00:20'),
(115, 90, 'Mrs', 'Kate', 'Hannah', 'Eason', NULL, 'Female', '2011-12-26 21:00:20', '2011-12-26 21:00:20'),
(116, 90, 'Rev', 'W', '', 'Le Mottee', NULL, 'Male', '2011-12-26 21:00:20', '2011-12-26 21:00:20'),
(117, 90, '', 'Charles', 'Edward Victor', 'Eason', NULL, 'Male', '2011-12-26 21:00:20', '2011-12-26 21:00:20'),
(118, 90, '', 'Richard', '', 'Eason', NULL, 'Male', '2011-12-26 21:00:20', '2011-12-26 21:00:20'),
(119, 90, '', 'Kathleen', 'Eldridge', 'Eason', NULL, 'Female', '2011-12-26 21:00:20', '2011-12-26 21:00:20'),
(120, 91, '', 'James', '', 'Wright', NULL, 'Male', '2011-12-26 21:17:16', '2011-12-26 21:17:16'),
(121, 91, '', 'Clara', '', 'Pollard', NULL, 'Female', '2011-12-26 21:17:17', '2011-12-26 21:17:17'),
(122, 91, '', 'William', '', 'Wright', NULL, 'Male', '2011-12-26 21:17:17', '2011-12-26 21:17:17'),
(123, 91, '', 'Mary', '', 'Wright', NULL, 'Female', '2011-12-26 21:17:17', '2011-12-26 21:17:17'),
(124, 91, '', 'Robert', '', 'Wright', NULL, 'Male', '2011-12-26 21:17:17', '2011-12-26 21:17:17'),
(125, 91, '', 'James', '', 'Wright', NULL, 'Male', '2011-12-26 21:17:17', '2011-12-26 21:17:17'),
(126, 92, '', 'John', 'Bowyer', 'Jones', NULL, 'Male', '2011-12-26 21:34:58', '2011-12-26 21:34:58'),
(127, 92, '', 'William', 'Dukes', 'Jones', NULL, 'Male', '2011-12-26 21:34:58', '2011-12-26 21:34:58'),
(128, 92, '', 'Edward', 'Giles', 'Jones', NULL, 'Male', '2011-12-26 21:34:58', '2011-12-26 21:34:58'),
(129, 92, '', 'Sarah', 'Elizabeth', 'Jones', NULL, 'Female', '2011-12-26 21:34:58', '2011-12-26 21:34:58'),
(130, 92, '', 'Ann', '', 'Jones', NULL, 'Female', '2011-12-26 21:35:25', '2011-12-26 21:35:25'),
(131, 92, '', 'William', '', 'Jones', NULL, 'Male', '2011-12-26 21:38:51', '2011-12-26 21:38:51'),
(132, 92, 'Mrs', 'Elizabeth', 'Ann', 'Jones', NULL, 'Female', '2011-12-26 21:38:51', '2011-12-26 21:38:51'),
(133, 92, '', 'Annie', 'Bowyer', 'Jones', NULL, 'Female', '2011-12-26 21:38:51', '2011-12-26 21:38:51'),
(134, 92, '', 'Elizabeth', 'Dukes', 'Jones', NULL, 'Female', '2011-12-26 21:38:51', '2011-12-26 21:38:51'),
(135, 93, 'Mrs', '', '', 'Woolner', NULL, 'Female', '2011-12-27 20:12:24', '2011-12-27 20:12:24'),
(136, 93, 'Mrs', '', '', 'Binn', NULL, 'Female', '2011-12-27 20:12:24', '2011-12-27 20:12:24'),
(137, 93, '', 'Mother', '', 'Unknown', NULL, 'Female', '2011-12-27 20:12:24', '2011-12-27 20:12:24'),
(138, 93, '', 'Dad', '', 'Unknown', NULL, 'Male', '2011-12-27 20:12:24', '2011-12-27 20:12:24'),
(139, 93, '', 'Elizabeth', '', 'Hanchett', NULL, 'Female', '2011-12-27 20:12:24', '2011-12-27 20:12:24'),
(140, 93, '', 'Frank', '', 'Woolner', NULL, 'Male', '2011-12-27 20:12:24', '2011-12-27 20:12:24'),
(141, 93, '', 'Alice', 'Susanna', 'Woolner', NULL, 'Female', '2011-12-27 20:12:24', '2011-12-27 20:12:24'),
(142, 93, '', 'Florence', 'Ethel', 'Woolner', NULL, 'Female', '2011-12-27 20:12:24', '2011-12-27 20:12:24'),
(143, 93, '', 'Catherine', 'Elizabeth', 'Bailey', NULL, 'Female', '2011-12-27 20:12:24', '2011-12-27 20:12:24'),
(144, 93, '', 'Lizzie', 'Maud', 'Bailey', NULL, 'Female', '2011-12-27 20:12:24', '2011-12-27 20:12:24'),
(145, 93, '', 'Alice', 'Dora', 'Bailey', NULL, 'Female', '2011-12-27 20:12:24', '2011-12-27 20:12:24'),
(146, 93, '', 'Reginald', 'John', 'Weston', NULL, 'Male', '2011-12-27 20:12:24', '2011-12-27 20:12:24'),
(147, 93, '', 'Violet', 'Alice', 'Weston', NULL, 'Female', '2011-12-27 20:12:24', '2011-12-27 20:12:24'),
(148, 94, '', 'John', '', 'Spurrell', NULL, 'Male', '2011-12-28 21:16:08', '2011-12-28 21:16:08'),
(149, 94, 'Mrs', 'Mary', '', 'Spurrell', NULL, 'Female', '2011-12-28 21:16:08', '2011-12-28 21:16:08'),
(150, 94, '', 'William', '', 'Dance', NULL, 'Male', '2011-12-28 21:16:08', '2011-12-28 21:16:08'),
(151, 94, 'Mrs', 'Elizabeth', '', 'Dance', NULL, 'Female', '2011-12-28 21:16:08', '2011-12-28 21:16:08'),
(152, 94, '', 'Thomas', '', 'Dance', NULL, 'Male', '2011-12-28 21:16:08', '2011-12-28 21:16:08'),
(153, 94, '', 'Susanna', '', 'Spurrell', NULL, 'Female', '2011-12-28 21:16:08', '2011-12-28 21:16:08'),
(154, 94, '', 'Thomas', '', 'Dance', NULL, 'Male', '2011-12-28 21:16:08', '2011-12-28 21:16:08'),
(155, 94, '', 'John', 'Spurrell', 'Dance', NULL, 'Male', '2011-12-28 21:16:08', '2011-12-28 21:16:08'),
(156, 94, '', 'William', '', 'Dance', NULL, 'Male', '2011-12-28 21:16:08', '2011-12-28 21:16:08'),
(157, 94, '', 'Joseph', '', 'Dance', NULL, 'Male', '2011-12-28 21:16:08', '2011-12-28 21:16:08'),
(158, 94, '', 'Susanna', '', 'Dance', NULL, 'Female', '2011-12-28 21:16:08', '2011-12-28 21:16:08'),
(159, 94, '', 'James', '', 'Dance', NULL, 'Male', '2011-12-28 21:16:08', '2011-12-28 21:16:08'),
(160, 94, '', 'Joseph', '', 'Dance', NULL, 'Male', '2011-12-28 21:16:08', '2011-12-28 21:16:08'),
(161, 94, '', 'Mariner', '', 'Dance', NULL, 'Male', '2011-12-28 21:16:08', '2011-12-28 21:16:08'),
(162, 94, '', 'John', '', 'Richardson', NULL, 'Male', '2011-12-28 21:24:55', '2011-12-28 21:24:55'),
(163, 94, '', 'Philip', '', 'Richardson', NULL, 'Male', '2011-12-28 21:24:55', '2011-12-28 21:24:55'),
(164, 94, 'Mrs', 'Bridget', '', 'Richardson', NULL, 'Female', '2011-12-28 21:24:55', '2011-12-28 21:24:55'),
(165, 94, 'Mrs', 'Ann', '', 'Richardson', NULL, 'Female', '2011-12-28 21:24:55', '2011-12-28 21:24:55'),
(166, 94, '', 'John', '', 'Richardson', NULL, 'Male', '2011-12-28 21:24:55', '2011-12-28 21:24:55'),
(167, 94, '', 'Ann', '', 'Richardson', NULL, 'Female', '2011-12-28 21:24:55', '2011-12-28 21:24:55'),
(168, 94, '', 'John', '', 'Richardson', NULL, 'Male', '2011-12-28 21:24:55', '2011-12-28 21:24:55'),
(169, 94, '', 'Amy', '', 'Richardson', NULL, 'Female', '2011-12-28 21:24:55', '2011-12-28 21:24:55'),
(170, 94, '', 'Mariner', '', 'Richardson', NULL, 'Male', '2011-12-28 21:24:55', '2011-12-28 21:24:55'),
(171, 94, '', 'Philip', '', 'Richardson', NULL, 'Male', '2011-12-28 21:24:55', '2011-12-28 21:24:55'),
(172, 94, '', 'Norton', '', 'Richardson', NULL, 'Male', '2011-12-28 21:24:55', '2011-12-28 21:24:55'),
(173, 94, '', 'Susanna', '', 'Richardson', NULL, 'Female', '2011-12-28 21:24:55', '2011-12-28 21:24:55'),
(174, 94, '', 'William', '', 'Richardson', NULL, 'Male', '2011-12-28 21:24:56', '2011-12-28 21:24:56'),
(175, 94, '', 'Mary', '', 'Richardson', NULL, 'Female', '2011-12-28 21:24:56', '2011-12-28 21:24:56'),
(176, 94, '', 'Bridget', '', 'Richardson', NULL, 'Female', '2011-12-28 21:24:56', '2011-12-28 21:24:56'),
(177, 94, '', 'Elizabeth', '', 'Richardson', NULL, 'Female', '2011-12-28 21:24:56', '2011-12-28 21:24:56'),
(178, 94, '', 'John', '', 'Spurrell', NULL, 'Male', '2011-12-28 21:27:15', '2011-12-28 21:27:15'),
(179, 94, '', 'Mary', '', 'Spurrell', NULL, 'Female', '2011-12-28 21:27:15', '2011-12-28 21:27:15'),
(180, 94, '', 'Ann', '', 'Spurrell', NULL, 'Female', '2011-12-28 21:27:15', '2011-12-28 21:27:15'),
(181, 94, '', 'Susanna', '', 'Spurrell', NULL, 'Female', '2011-12-28 21:27:15', '2011-12-28 21:27:15'),
(182, 94, '', 'Margaret', '', 'Spurrell', NULL, 'Female', '2011-12-28 21:27:15', '2011-12-28 21:27:15'),
(183, 95, '', 'George', 'Lambert', 'Clifford', NULL, 'Male', '2011-12-28 21:56:24', '2011-12-28 21:56:24'),
(184, 95, 'Hon', 'Thomas', '', 'Clifford', NULL, 'Male', '2011-12-28 21:56:24', '2011-12-28 21:56:24'),
(185, 95, '', 'Mary', '', 'Coyney', NULL, 'Female', '2011-12-28 21:56:24', '2011-12-28 21:56:24'),
(186, 95, '', 'Walter', 'Hill', 'Coyney', NULL, 'Male', '2011-12-28 21:56:24', '2011-12-28 21:56:24'),
(187, 95, 'Rev', '', '', 'Richmond', NULL, 'Male', '2011-12-28 21:56:24', '2011-12-28 21:56:24'),
(188, 95, 'Rev', '', '', 'Eddowes', NULL, 'Male', '2011-12-28 21:56:25', '2011-12-28 21:56:25'),
(189, 95, '', 'Charles', '', 'Clifford', NULL, 'Male', '2011-12-28 21:56:25', '2011-12-28 21:56:25'),
(190, 95, 'Right Hon', 'Charles', '', 'Lord Dormer', NULL, 'Male', '2011-12-28 21:56:25', '2011-12-28 21:56:25'),
(191, 95, '', 'Mary', 'Constantia', 'Clifford', NULL, 'Female', '2011-12-28 21:56:25', '2011-12-28 23:16:09'),
(192, 95, '', 'Thomas', 'Hugh', 'Clifford', NULL, 'Male', '2011-12-28 21:56:25', '2011-12-28 21:56:25'),
(193, 95, 'Rev', 'William', '', 'Tarlton', NULL, 'Male', '2011-12-28 22:13:02', '2011-12-28 22:13:02'),
(194, 95, '', 'Miscarriage', '', 'Clifford', NULL, 'Male', '2011-12-28 22:13:02', '2011-12-28 22:13:02'),
(195, 95, '', 'Mr', '', 'Park', NULL, 'Male', '2011-12-28 22:13:02', '2011-12-28 22:13:02'),
(196, 95, '', 'Mary', 'Lucy', 'Clifford', NULL, 'Female', '2011-12-28 22:13:02', '2011-12-28 22:13:02'),
(197, 95, '', 'Francis', '', 'Constable', NULL, 'Male', '2011-12-28 22:13:02', '2011-12-28 22:13:02'),
(198, 95, 'Right Honorable Lady', '', '', 'Clifford', NULL, 'Female', '2011-12-28 22:13:02', '2011-12-28 22:13:02'),
(199, 95, '', 'Edward', 'Lambert', 'Gregory', NULL, 'Male', '2011-12-28 22:13:02', '2011-12-28 22:13:02'),
(200, 95, 'Rev', 'Robert', '', 'Richmond', NULL, 'Male', '2011-12-28 22:13:02', '2011-12-28 22:13:02'),
(201, 95, '', 'Thomas', '', 'Weld', NULL, 'Male', '2011-12-28 22:13:02', '2011-12-28 22:13:02'),
(202, 95, '', 'Constantia', '', 'Clifford', NULL, 'Female', '2011-12-28 22:13:02', '2011-12-28 22:13:02'),
(203, 95, '', 'George', '', 'William', NULL, 'Male', '2011-12-28 22:21:15', '2011-12-28 22:21:15'),
(204, 95, '', 'William', '', 'Middleton', NULL, 'Male', '2011-12-28 22:21:15', '2011-12-28 22:21:15'),
(205, 95, 'Lady', 'Hanley', 'Maysey', 'Hanley', NULL, 'Female', '2011-12-28 22:21:15', '2011-12-28 22:21:15'),
(206, 95, '', 'Walter', '', 'Clifford', NULL, 'Male', '2011-12-28 22:21:15', '2011-12-28 22:21:15'),
(207, 95, 'Sir', 'Thomas', '', 'Stanley', NULL, 'Male', '2011-12-28 22:21:15', '2011-12-28 22:52:34'),
(208, 95, '', 'Mary', 'Lucy', 'Weld', NULL, 'Female', '2011-12-28 22:21:15', '2011-12-28 22:21:15'),
(209, 95, '', 'Thomas', 'Michael', 'Clifford', NULL, 'Male', '2011-12-28 22:43:26', '2011-12-28 22:43:26'),
(210, 95, 'Mrs', '', '', 'Maxwell', NULL, 'Female', '2011-12-28 22:43:26', '2011-12-28 22:43:26'),
(211, 95, '', 'Henry', '', 'Clifford', NULL, 'Male', '2011-12-28 22:43:26', '2011-12-28 22:43:26'),
(212, 95, 'Rev', 'Thomas', '', 'Hodgson', NULL, 'Male', '2011-12-28 22:43:26', '2011-12-28 22:43:26'),
(213, 95, '', 'Michael', '', 'Jones', NULL, 'Male', '2011-12-28 22:43:26', '2011-12-28 22:43:26'),
(214, 95, '', 'Ann', '', 'Middleton', NULL, 'Female', '2011-12-28 22:43:26', '2011-12-28 22:43:26'),
(215, 95, '', 'Constantia', 'Mary', 'Clifford', NULL, 'Female', '2011-12-28 22:43:26', '2011-12-28 22:43:26'),
(216, 95, 'Rev', 'Robert', '', 'Hogarth', NULL, 'Male', '2011-12-28 22:43:26', '2011-12-28 22:43:26'),
(217, 95, '', 'James', 'Francis', 'Clifford', NULL, 'Male', '2011-12-28 22:43:26', '2011-12-28 22:43:26'),
(218, 95, 'Madame', '', '', 'de Sandelin', NULL, 'Female', '2011-12-28 22:43:26', '2011-12-28 22:43:26'),
(219, 95, '', 'Frances', 'Joanna Mary', 'Clifford', NULL, 'Female', '2011-12-28 22:43:26', '2011-12-28 22:43:26'),
(220, 95, '', 'John', '', 'Earl of Shrewsbury', NULL, 'Male', '2011-12-28 22:43:26', '2011-12-28 22:43:26'),
(221, 95, 'Mrs', '', '', 'Anne', NULL, 'Female', '2011-12-28 22:43:26', '2011-12-28 22:43:26'),
(222, 95, '', 'Alphonso', 'Charles', 'Clifford', NULL, 'Male', '2011-12-28 22:43:26', '2011-12-28 23:14:28'),
(223, 95, 'His Emminence Cardinal', 'Charles', '', 'Odescalcti', NULL, 'Male', '2011-12-28 22:43:26', '2011-12-28 22:43:26'),
(224, 95, 'Mrs', 'Elizabeth', '', 'Bodenham', NULL, 'Female', '2011-12-28 22:43:26', '2011-12-28 22:43:26'),
(225, 95, '', 'Mary', 'Anne', 'Hercy', NULL, 'Female', '2011-12-28 22:52:34', '2011-12-28 22:52:34'),
(226, 95, '', 'John', '', 'Hercy', NULL, 'Male', '2011-12-28 22:52:34', '2011-12-28 22:52:34'),
(227, 95, 'Rev', 'John', 'P', 'O''Reilly', NULL, 'Male', '2011-12-28 22:52:34', '2011-12-28 22:52:34'),
(228, 95, '', 'Matthew', '', 'Richmond', NULL, 'Male', '2011-12-28 23:14:28', '2011-12-28 23:14:28'),
(229, 95, '', 'George', 'Charles', 'Clifford', NULL, 'Male', '2011-12-28 23:14:28', '2011-12-28 23:14:28'),
(230, 95, 'Lord', '', '', 'Clifford', NULL, 'Male', '2011-12-28 23:14:28', '2011-12-28 23:14:28'),
(231, 95, 'Mrs', 'Frances', '', 'Joseph', NULL, 'Female', '2011-12-28 23:14:28', '2011-12-28 23:14:28'),
(232, 95, '', 'Mary', 'Lucy', 'Clifford', NULL, 'Female', '2011-12-28 23:14:28', '2011-12-28 23:14:28'),
(233, 95, 'Rev', 'J', '', 'Wilkinson', NULL, 'Male', '2011-12-28 23:14:28', '2011-12-28 23:14:28'),
(234, 95, '', 'Aston', 'Charles', 'Clifford', NULL, 'Male', '2011-12-28 23:14:28', '2011-12-28 23:14:28'),
(235, 95, '', 'Frederick', '', 'Weld', NULL, 'Male', '2011-12-28 23:14:28', '2011-12-28 23:14:28'),
(236, 95, '', 'Emma', '', 'Hercy', NULL, 'Female', '2011-12-28 23:14:28', '2011-12-28 23:14:28'),
(237, 95, '', 'Walter', 'Lovelace', 'Clifford', NULL, 'Male', '2011-12-28 23:14:28', '2011-12-28 23:14:28'),
(238, 95, '', 'Charles', 'William', 'Clifford', NULL, 'Male', '2011-12-28 23:14:28', '2011-12-28 23:14:28'),
(239, 95, 'Bishop', '', '', 'Viard', NULL, 'Male', '2011-12-28 23:14:28', '2011-12-28 23:14:28'),
(240, 95, '', 'William', '', 'Vavasours', NULL, 'Male', '2011-12-28 23:14:28', '2011-12-28 23:14:28'),
(241, 95, '', 'Catherine', '', 'Hercy', NULL, 'Female', '2011-12-28 23:14:28', '2011-12-28 23:14:28'),
(242, 95, '', 'Francis', 'Charles', 'Clifford', NULL, 'Male', '2011-12-28 23:14:28', '2011-12-28 23:14:28'),
(243, 95, 'Captain', 'Francis', 'John', 'Hercy', NULL, 'Male', '2011-12-28 23:14:28', '2011-12-28 23:14:28'),
(244, 96, 'Mr', 'Edward', '', 'Billet', NULL, 'Male', '2011-12-29 10:29:48', '2011-12-29 10:29:48'),
(245, 96, 'Mrs', 'Ann', '', 'Billett', NULL, 'Female', '2011-12-29 11:12:48', '2011-12-29 11:12:48'),
(246, 96, 'Miss', 'Ann', '', 'Searbrow', NULL, 'Female', '2011-12-29 11:12:48', '2011-12-29 11:12:48'),
(247, 96, 'Mrs', 'Mary', '', 'Burton', NULL, 'Female', '2011-12-29 11:12:48', '2011-12-29 11:12:48'),
(248, 96, 'Mr', 'James', '', 'Burton', NULL, 'Male', '2011-12-29 11:12:48', '2011-12-29 11:41:33'),
(249, 96, 'Mrs', 'Henrietta', '', 'Park', NULL, 'Female', '2011-12-29 11:12:48', '2011-12-29 11:41:33'),
(250, 96, '', 'John', '', 'Park', NULL, 'Male', '2011-12-29 11:12:48', '2011-12-29 11:12:48'),
(251, 96, '', 'Edward', '', 'Billet', NULL, 'Male', '2011-12-29 11:12:48', '2011-12-29 11:12:48'),
(252, 96, '', 'Edward', '', 'Ladds', NULL, 'Male', '2011-12-29 11:40:13', '2011-12-29 11:40:13'),
(253, 96, 'Mr', '', '', 'Walford', NULL, 'Male', '2011-12-29 11:40:13', '2011-12-29 11:40:13'),
(254, 96, 'Mrs', 'Susannah', '', 'Williamson', NULL, 'Female', '2011-12-29 11:40:13', '2011-12-29 11:40:13'),
(255, 96, 'Miss', 'Mary', 'Ann', 'Billett', NULL, 'Female', '2011-12-29 11:40:13', '2011-12-29 11:40:13'),
(256, 96, '', 'Samuel', '', 'Alvey', NULL, 'Male', '2011-12-29 11:40:13', '2011-12-29 11:40:13'),
(257, 96, '', 'Sarah', '', 'Kidman', NULL, 'Female', '2011-12-29 11:40:13', '2011-12-29 11:40:13'),
(258, 96, '', 'Allen', '', 'Chapman', NULL, 'Male', '2011-12-29 11:40:13', '2011-12-29 11:40:13'),
(259, 97, '', 'Ann', '', 'English', NULL, 'Female', '2012-01-08 17:22:59', '2012-01-08 17:22:59'),
(260, 97, '', 'Robert', '', 'English', NULL, 'Male', '2012-01-08 17:22:59', '2012-01-08 17:22:59'),
(261, 97, '', 'Arabelea', '', 'English', NULL, 'Female', '2012-01-08 17:22:59', '2012-01-08 17:22:59'),
(262, 97, '', 'Elizabeth', '', 'English', NULL, 'Female', '2012-01-08 17:22:59', '2012-01-08 17:22:59'),
(263, 97, '', 'Robert', '', 'English', NULL, 'Male', '2012-01-08 17:22:59', '2012-01-08 17:22:59'),
(264, 98, '', 'William', '', 'Wolsey', NULL, 'Male', '2012-01-08 17:38:23', '2012-01-08 17:38:23'),
(265, 98, '', 'Robert', '', 'Pygot', NULL, 'Male', '2012-01-08 17:38:23', '2012-01-08 17:38:23'),
(266, 99, '', 'Isaac', '', 'Marsh', NULL, 'Male', '2012-01-08 17:54:08', '2012-01-08 17:54:08'),
(267, 99, '', 'William', '', 'Swan', NULL, 'Male', '2012-01-08 17:54:08', '2012-01-08 17:54:08');

-- --------------------------------------------------------

--
-- Table structure for table `person_events`
--

CREATE TABLE IF NOT EXISTS `person_events` (
  `id` int(11) NOT NULL AUTO_INCREMENT,
  `person_id` int(11) DEFAULT NULL,
  `event_type_id` int(11) DEFAULT NULL,
  `date_event` date DEFAULT NULL,
  `street1` varchar(255) DEFAULT NULL,
  `street2` varchar(255) DEFAULT NULL,
  `city` varchar(255) DEFAULT NULL,
  `town` varchar(255) DEFAULT NULL,
  `county` varchar(255) DEFAULT NULL,
  `country` varchar(255) DEFAULT NULL,
  `additional_info` varchar(255) DEFAULT NULL,
  `created_at` datetime DEFAULT NULL,
  `updated_at` datetime DEFAULT NULL,
  PRIMARY KEY (`id`)
) ENGINE=MyISAM  DEFAULT CHARSET=latin1 AUTO_INCREMENT=260 ;

--
-- Dumping data for table `person_events`
--

INSERT INTO `person_events` (`id`, `person_id`, `event_type_id`, `date_event`, `street1`, `street2`, `city`, `town`, `county`, `country`, `additional_info`, `created_at`, `updated_at`) VALUES
(38, 78, 2, '1776-12-13', '', '', NULL, '', '', '', NULL, '2011-12-22 19:24:28', '2011-12-22 19:24:28'),
(2, 2, 6, '1982-06-07', '306 Hart Road', '', 'Essex', 'Thundersley', NULL, 'United Kingdom', NULL, '2011-12-15 21:13:59', '2011-12-15 21:13:59'),
(29, 70, 7, '1889-01-01', '262 Seven Sisters Road', '', NULL, 'Finsbury Park', 'London', 'United Kingdom', NULL, '2011-12-19 20:14:31', '2011-12-19 20:15:17'),
(4, 6, 6, '1874-01-01', 'Eastcombe Farm', '', 'Somerset', 'Batcombe', NULL, 'United Kingdom', NULL, '2011-12-15 22:16:55', '2011-12-15 22:16:55'),
(5, 28, 3, '1872-06-05', '', '', '', '', NULL, '', NULL, '2011-12-15 22:25:42', '2011-12-15 22:25:42'),
(6, 29, 3, '1872-06-05', '', '', '', '', NULL, '', NULL, '2011-12-15 22:25:42', '2011-12-15 22:25:42'),
(7, 32, 3, '1897-12-04', '', '', '', '', NULL, '', NULL, '2011-12-15 22:35:02', '2011-12-15 22:35:02'),
(8, 33, 3, '1897-12-04', '', '', '', '', NULL, '', NULL, '2011-12-15 22:35:02', '2011-12-15 22:35:02'),
(9, 36, 6, NULL, '', '', 'Kent', 'Haslehurst Trant', NULL, 'United Kingdom', NULL, '2011-12-15 22:35:02', '2011-12-15 22:35:02'),
(10, 37, 6, NULL, '', '', 'Tyneside', 'Newcastle-upon-Tyne', NULL, 'United Kingdom', NULL, '2011-12-15 22:35:02', '2011-12-15 22:35:02'),
(11, 38, 6, NULL, 'St Luke''s Vicarage', '', 'Hampshire', 'Portsea', NULL, 'United Kingdom', NULL, '2011-12-15 22:35:02', '2011-12-15 22:35:02'),
(12, 39, 6, NULL, '167 Kennington Park Road', '', 'London', 'London', NULL, 'United Kingdom', NULL, '2011-12-15 22:35:02', '2011-12-15 22:35:02'),
(13, 40, 5, '1764-10-19', '', '', 'Gloucestershire', 'Frampton Marsell', NULL, 'United Kingdom', NULL, '2011-12-15 22:46:23', '2011-12-15 22:46:23'),
(14, 44, 6, '1909-08-09', '10 Clarendon Street', '', 'Cambridgeshire', 'Cambridge', NULL, 'United Kingdom', NULL, '2011-12-16 21:37:32', '2011-12-16 21:37:32'),
(15, 46, 6, NULL, 'Plesent Terrace', 'Hill Top', 'Nottinghamshire', 'Eastword', NULL, 'United Kingdom', NULL, '2011-12-16 21:40:30', '2011-12-16 21:40:30'),
(16, 47, 6, '1914-11-03', '5 Haycroft Road', '', 'London', 'Brixton Hill', NULL, 'United Kingdom', NULL, '2011-12-16 21:45:48', '2011-12-16 21:45:48'),
(17, 48, 6, '1906-11-06', '24 Fountain Street', '', 'Guernsey', '', NULL, 'United Kingdom', NULL, '2011-12-16 22:22:48', '2011-12-16 22:22:48'),
(18, 51, 6, '1951-06-25', '4 Oakley Gardens', '', 'London', 'Hornsey', NULL, 'United Kingdom', NULL, '2011-12-17 00:43:51', '2011-12-17 00:43:51'),
(19, 52, 6, '1918-08-01', '59 Belmont Road', '', '', 'Anfield', NULL, 'United Kingdom', NULL, '2011-12-18 21:22:37', '2011-12-18 21:22:37'),
(20, 55, 6, '1923-05-15', '82 High Street', '', NULL, 'Colliers Wood', 'London', 'United Kingdom', NULL, '2011-12-18 22:16:42', '2011-12-18 22:16:42'),
(21, 56, 6, '1923-05-15', '82 High Street', '', NULL, 'Colliers Wood', 'London', 'United Kingdom', NULL, '2011-12-18 22:16:42', '2011-12-18 22:16:42'),
(22, 58, 6, '1914-09-30', '83 Abbeville Road', '', NULL, 'Clapham', 'London', 'United Kingdom', NULL, '2011-12-18 22:33:03', '2011-12-18 22:33:03'),
(23, 59, 6, '1914-09-30', '10 Guadeloupe  Terrace', '', NULL, 'Sandown', 'Isle of Wight', 'United Kingdom', NULL, '2011-12-18 22:33:03', '2011-12-18 22:33:03'),
(24, 60, 6, '1936-08-20', '4 Inglis Road', '', NULL, 'Croydon', 'Surrey', 'United Kingdom', NULL, '2011-12-18 22:39:09', '2011-12-18 22:39:09'),
(25, 61, 6, '1952-09-12', '190 Edwin Road', 'Rainham Mark', NULL, 'Gillingham', 'Kent', 'United Kingdom', NULL, '2011-12-18 22:46:16', '2011-12-18 22:46:16'),
(26, 62, 6, '1953-09-06', '7 Winslow Way', '', NULL, 'Walton on Thames', 'Surrey', 'United Kingdom', NULL, '2011-12-18 22:55:26', '2011-12-18 22:55:26'),
(27, 65, 6, '1922-09-08', 'Belle View', 'Lucient Road', NULL, 'Blandford', 'Dorset', 'United Kingdom', NULL, '2011-12-18 22:59:10', '2011-12-18 22:59:10'),
(28, 67, 6, '1953-08-25', 'Burnfoot', '', NULL, 'Langholm', 'Scotland', 'United Kingdom', NULL, '2011-12-18 23:06:13', '2011-12-18 23:06:13'),
(30, 68, 7, NULL, '5 Bernard Street', '', NULL, 'Southampton', 'Hampshire', 'United Kingdom', NULL, '2011-12-19 20:16:11', '2011-12-19 20:16:11'),
(31, 69, 7, NULL, '106 - 110 Regent Street', '', NULL, '', 'London', 'United Kingdom', NULL, '2011-12-19 20:17:26', '2011-12-19 20:17:26'),
(32, 69, 7, NULL, '54 Cheapside', '', NULL, '', 'London', 'United Kingdom', NULL, '2011-12-19 20:17:26', '2011-12-19 20:17:26'),
(33, 71, 7, NULL, '', '', NULL, 'Weymouth', 'Dorset', 'United Kingdom', NULL, '2011-12-19 20:19:17', '2011-12-19 20:19:17'),
(34, 74, 6, NULL, '77 Merton Street', 'Harpurhey', NULL, 'Manchester', 'Lancashire', 'United Kingdom', NULL, '2011-12-19 20:34:04', '2011-12-19 20:34:51'),
(35, 75, 7, NULL, '234 High Street', '', NULL, 'Tottenham', 'London', 'United Kingdom', NULL, '2011-12-19 20:37:07', '2011-12-19 20:37:07'),
(36, 76, 7, NULL, '6 The Grove', '', NULL, 'Hackney', 'London', 'United Kingdom', NULL, '2011-12-19 20:38:45', '2011-12-19 20:38:45'),
(37, 77, 7, NULL, '60 High Street', '', NULL, 'Stoke Newington', 'London', 'United Kingdom', NULL, '2011-12-19 20:40:47', '2011-12-19 20:40:47'),
(39, 78, 1, '1719-01-01', '', '', NULL, '', '', '', NULL, '2011-12-22 19:24:28', '2011-12-22 19:24:28'),
(40, 79, 1, '1719-01-01', '', '', NULL, '', '', '', NULL, '2011-12-22 19:24:28', '2011-12-22 19:24:28'),
(41, 79, 2, '1801-05-14', '', '', NULL, '', '', '', NULL, '2011-12-22 19:24:28', '2011-12-22 19:24:28'),
(42, 80, 6, NULL, '', '', NULL, 'Harlow', 'Essex', 'United Kingdom', NULL, '2011-12-22 19:24:28', '2011-12-22 19:24:28'),
(43, 81, 6, NULL, '', '', NULL, 'Harlow', 'Essex', 'United Kingdom', NULL, '2011-12-22 19:24:28', '2011-12-22 19:24:28'),
(44, 82, 1, '1761-10-24', '', '', NULL, '', '', '', NULL, '2011-12-22 19:28:01', '2011-12-22 19:28:01'),
(45, 82, 2, '1827-09-28', '', '', NULL, '', '', '', NULL, '2011-12-22 19:28:01', '2011-12-22 19:28:01'),
(46, 82, 3, '1787-12-20', 'St George The Martyr', 'Queens Square', NULL, 'Bloomsbury', 'London', 'United Kingdom', NULL, '2011-12-22 19:28:01', '2011-12-22 19:28:01'),
(47, 83, 1, '1761-03-14', '', '', NULL, '', '', '', NULL, '2011-12-22 19:28:01', '2011-12-22 19:28:01'),
(48, 83, 2, '1826-08-11', '', '', NULL, '', '', '', NULL, '2011-12-22 19:28:01', '2011-12-22 19:28:01'),
(49, 83, 3, '1787-12-20', 'St George The Martyr', 'Queens Square', NULL, 'Bloomsbury', 'London', 'United Kingdom', NULL, '2011-12-22 19:28:01', '2011-12-22 19:28:01'),
(50, 84, 1, '1789-01-25', '', '', NULL, '', '', '', NULL, '2011-12-22 19:53:27', '2011-12-22 19:53:27'),
(51, 84, 2, '1793-07-11', '', '', NULL, '', '', '', NULL, '2011-12-22 19:53:27', '2011-12-22 19:53:27'),
(52, 85, 1, '1790-06-21', '', '', NULL, '', '', '', NULL, '2011-12-22 19:53:27', '2011-12-22 19:53:27'),
(53, 85, 2, '1790-12-13', '', '', NULL, '', '', '', NULL, '2011-12-22 19:53:27', '2011-12-22 19:53:27'),
(54, 86, 1, '1792-01-29', '', '', NULL, '', '', '', NULL, '2011-12-22 19:53:27', '2011-12-22 19:53:27'),
(55, 86, 2, '1793-07-16', '', '', NULL, '', '', '', NULL, '2011-12-22 19:53:27', '2011-12-22 19:53:27'),
(56, 87, 1, '1794-02-09', '', '', NULL, '', '', '', NULL, '2011-12-22 19:53:27', '2011-12-22 19:53:27'),
(57, 87, 2, '1801-05-07', '', '', NULL, '', '', '', NULL, '2011-12-22 19:53:27', '2011-12-22 19:53:27'),
(58, 88, 1, '1795-11-03', '', '', NULL, '', '', '', NULL, '2011-12-22 19:53:27', '2011-12-22 19:53:27'),
(59, 88, 3, '1837-08-08', '', '', NULL, '', '', '', NULL, '2011-12-22 19:53:27', '2011-12-22 19:53:27'),
(60, 89, 3, '1837-08-08', '', '', NULL, '', '', '', NULL, '2011-12-22 19:53:27', '2011-12-22 19:53:27'),
(61, 90, 1, '1850-07-23', '', '', NULL, '', '', '', NULL, '2011-12-22 19:53:27', '2011-12-22 19:53:27'),
(62, 91, 1, '1798-01-25', '', '', NULL, '', '', '', NULL, '2011-12-22 19:53:27', '2011-12-22 19:53:27'),
(63, 91, 2, '1799-05-16', '', '', NULL, '', '', '', NULL, '2011-12-22 19:53:27', '2011-12-22 19:53:27'),
(64, 92, 1, '1800-03-01', '', '', NULL, '', '', '', NULL, '2011-12-22 19:53:27', '2011-12-22 19:53:27'),
(65, 92, 2, '1800-04-14', '', '', NULL, '', '', '', NULL, '2011-12-22 19:53:27', '2011-12-22 19:53:27'),
(66, 93, 1, '1801-05-08', '', '', NULL, '', '', '', NULL, '2011-12-22 19:53:27', '2011-12-22 19:53:27'),
(67, 93, 2, '1810-06-21', '', '', NULL, '', '', '', NULL, '2011-12-22 19:53:27', '2011-12-22 19:53:27'),
(68, 94, 1, '1803-08-12', '', '', NULL, '', '', '', NULL, '2011-12-22 19:53:27', '2011-12-22 19:53:27'),
(69, 95, 1, '1805-10-13', '', '', NULL, '', '', '', NULL, '2011-12-22 19:53:27', '2011-12-22 19:53:27'),
(70, 96, 3, '1783-05-27', 'St George The Martyr', 'Queens Square', NULL, 'Bloomsbury', 'London', 'United Kingdom', NULL, '2011-12-22 19:58:51', '2011-12-22 19:58:51'),
(71, 97, 3, '1783-05-27', 'St George The Martyr', 'Queens Square', NULL, 'Bloomsbury', 'London', 'United Kingdom', NULL, '2011-12-22 19:58:51', '2011-12-22 19:58:51'),
(72, 98, 1, '1783-03-29', '', '', NULL, '', '', '', NULL, '2011-12-22 19:58:51', '2011-12-22 19:58:51'),
(73, 98, 2, '1783-07-13', '', '', NULL, '', '', '', NULL, '2011-12-22 19:58:51', '2011-12-22 19:58:51'),
(74, 106, 7, NULL, '', '', NULL, 'Haverhill', 'Suffolk', 'United Kingdom', NULL, '2011-12-23 08:40:10', '2011-12-23 08:40:10'),
(75, 106, 7, NULL, '', '', NULL, 'Sawston', 'Cambridgeshire', 'United Kingdom', NULL, '2011-12-23 08:40:10', '2011-12-23 08:40:10'),
(76, 107, 7, NULL, '262 Seven Sisters Road', '', NULL, 'Finsbury Park', 'London', 'United Kingdom', NULL, '2011-12-26 20:22:54', '2011-12-26 20:22:54'),
(77, 108, 7, NULL, 'Prospect Road', '', NULL, 'Old Brompton', 'Kent', 'United Kingdom', NULL, '2011-12-26 20:26:25', '2011-12-26 20:26:25'),
(78, 109, 7, NULL, '54 High Street', '', NULL, 'Haverhill', 'Suffolk', 'United Kingdom', NULL, '2011-12-26 20:30:38', '2011-12-26 20:30:38'),
(79, 110, 7, NULL, '54 High Street', '', NULL, 'Havehill', 'Suffolk', 'United Kingdom', NULL, '2011-12-26 20:30:38', '2011-12-26 20:30:38'),
(80, 111, 7, NULL, '3 Clarence Place', 'Regent Street', NULL, 'Yarmouth', 'Norfolk', 'United Kingdom', NULL, '2011-12-26 20:34:49', '2011-12-26 20:34:49'),
(81, 113, 7, NULL, '45 Brompton Road', '', NULL, '', 'London', 'United Kingdom', NULL, '2011-12-26 20:37:53', '2011-12-26 20:37:53'),
(82, 114, 1, '1862-01-06', '', '', NULL, 'Long Wittenham', 'Oxfordshire', 'United Kingdom', NULL, '2011-12-26 21:00:20', '2011-12-26 21:00:20'),
(83, 114, 3, '1886-03-30', '', '', NULL, 'Helions Bumpstead', 'Essex', 'United Kingdom', NULL, '2011-12-26 21:00:20', '2011-12-26 21:00:20'),
(84, 115, 1, '1861-11-10', '', '', NULL, '', 'London', 'United Kingdom', NULL, '2011-12-26 21:00:20', '2011-12-26 21:00:20'),
(85, 115, 3, '1886-03-30', '', '', NULL, 'Helions Bumpstead', 'Essex', 'United Kingdom', NULL, '2011-12-26 21:00:20', '2011-12-26 21:00:20'),
(86, 117, 1, '1887-02-10', '', '', NULL, '', '', '', NULL, '2011-12-26 21:00:20', '2011-12-26 21:00:20'),
(87, 118, 1, '1889-07-10', '', '', NULL, '', '', '', NULL, '2011-12-26 21:00:20', '2011-12-26 21:00:20'),
(88, 119, 1, '1892-04-06', '', '', NULL, '', '', '', NULL, '2011-12-26 21:00:20', '2011-12-26 21:00:20'),
(89, 120, 1, '1850-12-02', '', '', NULL, '', '', '', NULL, '2011-12-26 21:17:17', '2011-12-26 21:17:17'),
(90, 120, 3, '1896-10-02', '', '', NULL, '', '', '', NULL, '2011-12-26 21:17:17', '2011-12-26 21:17:17'),
(91, 121, 1, '1867-01-16', '', '', NULL, '', '', '', NULL, '2011-12-26 21:17:17', '2011-12-26 21:17:17'),
(92, 121, 3, '1896-10-02', '', '', NULL, '', '', '', NULL, '2011-12-26 21:17:17', '2011-12-26 21:17:17'),
(93, 122, 2, '1887-12-05', '', '', NULL, '', '', '', NULL, '2011-12-26 21:17:17', '2011-12-26 21:17:17'),
(94, 122, 1, '1802-01-01', '', '', NULL, '', '', '', NULL, '2011-12-26 21:17:17', '2011-12-26 21:17:17'),
(95, 123, 2, '1899-06-16', '', '', NULL, '', '', '', NULL, '2011-12-26 21:17:17', '2011-12-26 21:17:17'),
(96, 123, 1, '1832-01-01', '', '', NULL, '', '', '', NULL, '2011-12-26 21:17:17', '2011-12-26 21:17:17'),
(97, 124, 2, '1908-05-15', '', '', NULL, '', '', '', NULL, '2011-12-26 21:17:17', '2011-12-26 21:17:17'),
(98, 125, 1, '1920-10-11', '', '', NULL, '', '', '', NULL, '2011-12-26 21:17:17', '2011-12-26 21:17:17'),
(99, 126, 1, '1815-10-25', '', '', NULL, '', '', '', NULL, '2011-12-26 21:34:58', '2011-12-26 21:34:58'),
(100, 126, 4, '1816-01-01', '', '', NULL, '', '', '', NULL, '2011-12-26 21:34:58', '2011-12-26 21:34:58'),
(101, 127, 1, '1818-05-01', '', '', NULL, '', '', '', NULL, '2011-12-26 21:34:58', '2011-12-26 21:34:58'),
(102, 128, 1, '1823-04-12', '', '', NULL, '', '', '', NULL, '2011-12-26 21:34:58', '2011-12-26 21:34:58'),
(103, 129, 1, '1830-01-01', '', '', NULL, '', '', '', NULL, '2011-12-26 21:34:58', '2011-12-26 21:34:58'),
(104, 130, 2, '1864-03-01', '', '', NULL, '', '', '', NULL, '2011-12-26 21:35:25', '2011-12-26 21:38:51'),
(105, 126, 2, '1869-03-01', '', '', NULL, '', '', '', NULL, '2011-12-26 21:38:51', '2011-12-26 21:38:51'),
(106, 127, 2, '1868-11-24', '', '', NULL, '', '', '', NULL, '2011-12-26 21:38:51', '2011-12-26 21:38:51'),
(107, 133, 1, '1857-08-10', '', '', NULL, '', '', '', NULL, '2011-12-26 21:38:51', '2011-12-26 21:38:51'),
(108, 134, 1, '1865-03-15', '', '', NULL, '', '', '', NULL, '2011-12-26 21:38:51', '2011-12-26 21:38:51'),
(109, 136, 6, NULL, 'Shortgrove', '', NULL, 'Newport', 'Essex', 'United Kingdom', NULL, '2011-12-27 20:12:24', '2011-12-27 20:12:24'),
(110, 137, 2, '1909-05-29', '', '', NULL, '', '', '', NULL, '2011-12-27 20:12:24', '2011-12-27 20:12:24'),
(111, 138, 2, '1901-12-08', '', '', NULL, '', '', '', NULL, '2011-12-27 20:12:24', '2011-12-27 20:12:24'),
(112, 139, 1, '1867-11-18', '', '', NULL, '', '', '', NULL, '2011-12-27 20:12:24', '2011-12-27 20:12:24'),
(113, 146, 1, '1900-07-19', '', '', NULL, '', '', '', NULL, '2011-12-27 20:12:24', '2011-12-27 20:12:24'),
(114, 147, 1, '1905-09-12', '', '', NULL, '', '', '', NULL, '2011-12-27 20:12:24', '2011-12-27 20:12:24'),
(115, 148, 2, '1751-10-17', '', '', NULL, '', '', '', NULL, '2011-12-28 21:16:08', '2011-12-28 21:16:08'),
(116, 148, 1, '1696-01-01', '', '', NULL, '', '', '', NULL, '2011-12-28 21:16:08', '2011-12-28 21:16:08'),
(117, 149, 2, '1755-09-03', '', '', NULL, '', '', '', NULL, '2011-12-28 21:16:08', '2011-12-28 21:16:08'),
(118, 149, 1, '1708-01-01', '', '', NULL, '', '', '', NULL, '2011-12-28 21:16:08', '2011-12-28 21:16:08'),
(119, 150, 1, '1714-08-04', '', '', NULL, '', '', '', NULL, '2011-12-28 21:16:08', '2011-12-28 21:16:08'),
(120, 151, 1, '1714-01-01', '', '', NULL, '', '', '', NULL, '2011-12-28 21:16:08', '2011-12-28 21:16:08'),
(121, 152, 1, '1737-08-28', '', '', NULL, '', '', '', NULL, '2011-12-28 21:16:08', '2011-12-28 21:16:08'),
(122, 153, 1, '1738-08-05', '', '', NULL, '', '', '', NULL, '2011-12-28 21:16:08', '2011-12-28 21:16:08'),
(123, 153, 2, '1797-05-19', '', '', NULL, '', '', '', NULL, '2011-12-28 21:16:08', '2011-12-28 21:16:08'),
(124, 154, 1, '1767-02-16', '', '', NULL, '', '', '', NULL, '2011-12-28 21:16:08', '2011-12-28 21:16:08'),
(125, 155, 1, '1768-04-23', '', '', NULL, '', '', '', NULL, '2011-12-28 21:16:08', '2011-12-28 21:16:08'),
(126, 156, 1, '1770-01-04', '', '', NULL, '', '', '', NULL, '2011-12-28 21:16:08', '2011-12-28 21:16:08'),
(127, 157, 1, '1771-11-24', '', '', NULL, '', '', '', NULL, '2011-12-28 21:16:08', '2011-12-28 21:16:08'),
(128, 157, 2, '1771-12-30', '', '', NULL, '', '', '', NULL, '2011-12-28 21:16:08', '2011-12-28 21:16:08'),
(129, 158, 1, '1773-01-12', '', '', NULL, '', '', '', NULL, '2011-12-28 21:16:08', '2011-12-28 21:16:08'),
(130, 159, 1, '1775-07-30', '', '', NULL, '', '', '', NULL, '2011-12-28 21:16:08', '2011-12-28 21:16:08'),
(131, 159, 2, '1795-02-21', '', '', NULL, '', '', '', NULL, '2011-12-28 21:16:08', '2011-12-28 21:16:08'),
(132, 160, 1, '1777-03-12', '', '', NULL, '', '', '', NULL, '2011-12-28 21:16:08', '2011-12-28 21:16:08'),
(133, 161, 1, '1779-08-11', '', '', NULL, '', '', '', NULL, '2011-12-28 21:16:08', '2011-12-28 21:16:08'),
(134, 161, 2, '1780-05-04', '', '', NULL, '', '', '', NULL, '2011-12-28 21:16:08', '2011-12-28 21:16:08'),
(135, 162, 1, '1723-11-03', '', '', NULL, '', '', '', NULL, '2011-12-28 21:24:55', '2011-12-28 21:24:55'),
(136, 162, 2, '1803-05-28', '', '', NULL, '', '', '', NULL, '2011-12-28 21:24:55', '2011-12-28 21:24:55'),
(137, 165, 1, '1732-07-14', '', '', NULL, '', '', '', NULL, '2011-12-28 21:24:55', '2011-12-28 21:24:55'),
(138, 165, 2, '1812-05-20', '', '', NULL, '', '', '', NULL, '2011-12-28 21:24:55', '2011-12-28 21:24:55'),
(139, 166, 1, '1774-06-13', '', '', NULL, '', '', '', NULL, '2011-12-28 21:24:55', '2011-12-28 21:24:55'),
(140, 167, 1, '1776-01-08', '', '', NULL, '', '', '', NULL, '2011-12-28 21:24:55', '2011-12-28 21:24:55'),
(141, 168, 1, '1757-06-20', '', '', NULL, '', '', '', NULL, '2011-12-28 21:24:55', '2011-12-28 21:24:55'),
(142, 169, 1, '1759-10-21', '', '', NULL, '', '', '', NULL, '2011-12-28 21:24:55', '2011-12-28 21:24:55'),
(143, 170, 1, '1761-06-19', '', '', NULL, '', '', '', NULL, '2011-12-28 21:24:55', '2011-12-28 21:24:55'),
(144, 171, 1, '1763-12-21', '', '', NULL, '', '', '', NULL, '2011-12-28 21:24:55', '2011-12-28 21:24:55'),
(145, 172, 1, '1764-10-07', '', '', NULL, '', '', '', NULL, '2011-12-28 21:24:55', '2011-12-28 21:24:55'),
(146, 173, 1, '1769-02-23', '', '', NULL, '', '', '', NULL, '2011-12-28 21:24:55', '2011-12-28 21:24:55'),
(147, 174, 1, '1772-03-24', '', '', NULL, '', '', '', NULL, '2011-12-28 21:24:56', '2011-12-28 21:24:56'),
(148, 175, 1, '1773-07-06', '', '', NULL, '', '', '', NULL, '2011-12-28 21:24:56', '2011-12-28 21:24:56'),
(149, 176, 1, '1776-01-07', '', '', NULL, '', '', '', NULL, '2011-12-28 21:24:56', '2011-12-28 21:24:56'),
(150, 177, 1, '1781-06-19', '', '', NULL, '', '', '', NULL, '2011-12-28 21:24:56', '2011-12-28 21:24:56'),
(151, 178, 1, '1726-07-19', '', '', NULL, '', '', '', NULL, '2011-12-28 21:27:15', '2011-12-28 21:27:15'),
(152, 179, 1, '1728-02-01', '', '', NULL, '', '', '', NULL, '2011-12-28 21:27:15', '2011-12-28 21:27:15'),
(153, 180, 1, '1732-07-03', '', '', NULL, '', '', '', NULL, '2011-12-28 21:27:15', '2011-12-28 21:27:15'),
(154, 181, 1, '1738-08-05', '', '', NULL, '', '', '', NULL, '2011-12-28 21:27:15', '2011-12-28 21:27:15'),
(155, 182, 1, '1740-08-09', '', '', NULL, '', '', '', NULL, '2011-12-28 21:27:15', '2011-12-28 21:27:15'),
(156, 183, 6, NULL, '', '', NULL, 'Liverpool', 'Lancashire', 'United KIngdom', NULL, '2011-12-28 21:56:24', '2011-12-28 21:56:24'),
(157, 183, 3, '1812-04-06', 'Caverswall Castle', '', NULL, 'Caverswall', 'Staffordshire', 'United Kingdom', NULL, '2011-12-28 21:56:24', '2011-12-28 21:56:24'),
(158, 183, 3, '1812-04-06', 'Church of Caverswall', '', NULL, 'Caverswall', 'Staffordshire', 'United Kingdom', NULL, '2011-12-28 21:56:24', '2011-12-28 21:56:24'),
(159, 184, 6, NULL, '', '', NULL, 'Tixall', 'Staffordshire', 'United Kingdom', NULL, '2011-12-28 21:56:24', '2011-12-28 21:56:24'),
(160, 185, 3, '1812-04-06', 'Caverswall Castle', '', NULL, 'Caverswall', 'Staffordshire', 'United Kingdom', NULL, '2011-12-28 21:56:24', '2011-12-28 21:56:24'),
(161, 185, 3, '1812-04-06', 'Church of Caverswall', '', NULL, 'Caverswall', 'Staffordshire', 'United Kingdom', NULL, '2011-12-28 21:56:24', '2011-12-28 21:56:24'),
(162, 186, 6, NULL, '', '', NULL, 'Western Coyney', 'Staffordshire', 'United Kingdom', NULL, '2011-12-28 21:56:24', '2011-12-28 21:56:24'),
(163, 189, 1, '1813-01-01', '', '', NULL, 'Mount Vernon', 'Lancashire', 'United Kingdom', NULL, '2011-12-28 21:56:25', '2011-12-28 21:56:25'),
(164, 189, 4, '1813-01-03', '', '', NULL, '', '', '', NULL, '2011-12-28 21:56:25', '2011-12-28 21:56:25'),
(165, 190, 6, NULL, '', '', NULL, 'Grove Park', 'Warwickshire', 'United Kingdom', NULL, '2011-12-28 21:56:25', '2011-12-28 21:56:25'),
(166, 191, 1, '1814-02-12', '', '', NULL, 'Mount Vernon', 'Lancashire', 'United Kingdom', NULL, '2011-12-28 21:56:25', '2011-12-28 21:56:25'),
(167, 191, 4, '1814-02-13', '', '', NULL, '', '', '', NULL, '2011-12-28 21:56:25', '2011-12-28 21:56:25'),
(168, 191, 2, '1814-03-01', '', '', NULL, '', '', '', NULL, '2011-12-28 21:56:25', '2011-12-28 21:56:25'),
(169, 191, 5, '1814-03-01', 'The Churchyard', '', NULL, 'Walton', 'Lancashire', 'United Kingdom', NULL, '2011-12-28 21:56:25', '2011-12-28 21:56:35'),
(170, 192, 6, '1814-02-13', '', '', NULL, 'Tixall', 'Staffordshire', 'United Kingdom', NULL, '2011-12-28 21:56:25', '2011-12-28 21:56:25'),
(171, 193, 6, '1815-09-05', 'Seel Street', '', NULL, 'Liverpool', 'Lancashire', 'United Kingdom', NULL, '2011-12-28 22:13:02', '2011-12-28 22:13:02'),
(172, 194, 2, '1814-07-18', '', '', NULL, 'Mount Vernon', 'Lancashire', 'United Kingdom', NULL, '2011-12-28 22:13:02', '2011-12-28 22:13:02'),
(173, 196, 1, '1815-09-05', 'Seel Street', '', NULL, 'Liverpool', 'Lancashire', 'United Kingdom', NULL, '2011-12-28 22:13:02', '2011-12-28 22:13:02'),
(174, 196, 4, '1815-09-08', '', '', NULL, '', '', '', NULL, '2011-12-28 22:13:02', '2011-12-28 22:13:02'),
(175, 197, 6, '1815-09-08', '', '', NULL, 'Burton Constable', 'Yorkshire', 'United Kingdom', NULL, '2011-12-28 22:13:02', '2011-12-28 22:13:02'),
(176, 197, 6, '1815-09-08', '', '', NULL, 'Wycliffe', 'Yorkshire', 'United Kingdom', NULL, '2011-12-28 22:13:02', '2011-12-28 22:13:02'),
(177, 198, 6, '1815-09-08', '', '', NULL, 'Ugbrooke', 'Devon', 'United Kingdom', NULL, '2011-12-28 22:13:02', '2011-12-28 22:13:02'),
(178, 199, 1, '1817-02-12', '', '', NULL, 'Foxearth', 'Staffordshire', 'United Kingdom', NULL, '2011-12-28 22:13:02', '2011-12-28 22:13:02'),
(179, 199, 4, '1817-03-13', '', '', NULL, 'Caversall', 'Staffordshire', 'United Kingdom', NULL, '2011-12-28 22:13:02', '2011-12-28 22:13:02'),
(180, 200, 6, '1817-03-13', 'Caversall Castle', '', NULL, 'Caversall', 'Staffordshire', 'United Kingdom', NULL, '2011-12-28 22:13:02', '2011-12-28 22:13:02'),
(181, 201, 6, '1817-03-13', 'Lulworth Castle', '', NULL, 'Lulworth', 'Dorset', 'United Kingdom', NULL, '2011-12-28 22:13:02', '2011-12-28 22:13:02'),
(182, 202, 6, '1817-03-13', '', '', NULL, 'Tixhall', 'Staffordshire', 'United Kingdom', NULL, '2011-12-28 22:13:02', '2011-12-28 22:13:02'),
(183, 203, 1, '1818-05-20', '', '', NULL, 'Foxearth', 'Staffordshire', 'United Kingdom', NULL, '2011-12-28 22:21:15', '2011-12-28 22:21:15'),
(184, 203, 4, '1818-05-21', '', '', NULL, '', '', '', NULL, '2011-12-28 22:21:15', '2011-12-28 22:21:15'),
(185, 204, 6, '1818-05-21', 'Myddleton Lodge', '', NULL, 'Ilkley', 'Yorkshire', 'United Kingdom', NULL, '2011-12-28 22:21:15', '2011-12-28 22:21:15'),
(186, 205, 6, '1818-05-21', '', '', NULL, 'Hooton', 'Cheshire', 'United Kingdom', NULL, '2011-12-28 22:21:15', '2011-12-28 22:21:15'),
(187, 206, 1, '1819-07-05', '', '', NULL, 'Foxearth', 'Staffordshire', 'United Kingdom', NULL, '2011-12-28 22:21:15', '2011-12-28 22:21:15'),
(188, 206, 4, '1819-07-06', '', '', NULL, '', '', '', NULL, '2011-12-28 22:21:15', '2011-12-28 22:21:15'),
(189, 207, 6, '1819-07-06', '', '', NULL, 'Hooton', 'Cheshire', 'United Kingdom', NULL, '2011-12-28 22:21:15', '2011-12-28 22:21:15'),
(190, 209, 1, '1820-09-29', '', '', NULL, 'Foxearth', 'Staffordshire', 'United Kingdom', NULL, '2011-12-28 22:43:26', '2011-12-28 22:43:26'),
(191, 209, 1, '1820-09-30', '', '', NULL, '', '', '', NULL, '2011-12-28 22:43:26', '2011-12-28 22:43:26'),
(192, 210, 6, '1820-09-30', '', '', NULL, 'Everingham', 'Yorkshire', 'United Kingdom', NULL, '2011-12-28 22:43:26', '2011-12-28 22:43:26'),
(193, 211, 1, '1822-04-08', '', '', NULL, 'Burton Constable', 'Yorkshire', 'United Kingdom', NULL, '2011-12-28 22:43:26', '2011-12-28 22:43:26'),
(194, 211, 4, '1822-04-09', '', '', NULL, '', '', '', NULL, '2011-12-28 22:43:26', '2011-12-28 22:43:26'),
(195, 212, 6, '1822-04-09', '', '', NULL, 'Marton', 'Yorkshire', 'United Kingdom', NULL, '2011-12-28 22:43:26', '2011-12-28 22:43:26'),
(196, 213, 6, '1822-04-09', 'Duke Street', 'Manchester Square', NULL, '', 'London', 'United Kingdom', NULL, '2011-12-28 22:43:26', '2011-12-28 22:43:26'),
(197, 214, 6, '1822-04-09', 'Myddleton Lodge', '', NULL, 'Ilkley', 'Yorkshire', 'United Kingdom', NULL, '2011-12-28 22:43:26', '2011-12-28 22:43:26'),
(198, 215, 1, '1824-08-28', '', '', NULL, 'Burton Constable', 'Yorkshire', 'United Kingdom', NULL, '2011-12-28 22:43:26', '2011-12-28 22:43:26'),
(199, 215, 4, '1824-08-29', '', '', NULL, '', '', '', NULL, '2011-12-28 22:43:26', '2011-12-28 22:43:26'),
(200, 216, 6, '1824-08-29', '', '', NULL, 'Marston', 'Yorkshire', 'United Kingdom', NULL, '2011-12-28 22:43:26', '2011-12-28 22:43:26'),
(201, 217, 6, '1824-08-29', 'Navy Pay Office', '', NULL, 'Chatham', 'Kent', 'United Kingdom', NULL, '2011-12-28 22:43:26', '2011-12-28 22:43:26'),
(202, 218, 6, NULL, '', '', NULL, 'Saint Omer', '', 'France', NULL, '2011-12-28 22:43:26', '2011-12-28 22:43:26'),
(203, 219, 1, '1828-06-26', '', '', NULL, 'Burton Constable', 'Yorkshire', 'United Kingdom', NULL, '2011-12-28 22:43:26', '2011-12-28 22:43:26'),
(204, 219, 4, '1828-06-26', '', '', NULL, '', '', '', NULL, '2011-12-28 22:43:26', '2011-12-28 22:43:26'),
(205, 221, 6, '1828-06-26', '', '', NULL, 'York', 'Yorkshire', 'United Kingdom', NULL, '2011-12-28 22:43:26', '2011-12-28 22:43:26'),
(206, 222, 1, '1830-07-23', '', '', NULL, 'Burton Constable', 'York', 'United Kingdom', NULL, '2011-12-28 22:43:26', '2011-12-28 22:43:26'),
(207, 222, 4, '1830-07-24', '', '', NULL, '', '', '', NULL, '2011-12-28 22:43:26', '2011-12-28 22:43:26'),
(208, 223, 6, '1830-07-24', '', '', NULL, 'Rome', '', 'Italy', NULL, '2011-12-28 22:43:26', '2011-12-28 22:43:26'),
(209, 224, 6, '1830-07-24', '', '', NULL, 'Rotherwas', 'Herefordshire', 'United Kingdom', NULL, '2011-12-28 22:43:26', '2011-12-28 22:43:26'),
(210, 189, 6, '1847-01-13', '', '', NULL, 'Wellington', '', 'New Zealand', NULL, '2011-12-28 22:52:34', '2011-12-28 22:52:34'),
(211, 189, 3, '1847-01-13', 'House of John Coutts Crawford', '', NULL, 'Wellington', '', 'New Zealand', NULL, '2011-12-28 22:52:34', '2011-12-28 22:52:34'),
(212, 225, 3, '1847-01-13', 'House of John Coutts Crawford', '', NULL, 'Wellington', '', 'New Zealand', NULL, '2011-12-28 22:52:34', '2011-12-28 22:52:34'),
(213, 226, 6, '1847-01-13', '', '', NULL, 'Hawthorne Hill', 'Berkshire', 'United Kingdom', NULL, '2011-12-28 22:52:34', '2011-12-28 22:52:34'),
(214, 226, 6, '1847-01-13', '20 Baker Street', 'Portman Square', NULL, '', 'London', 'United Kingdom', NULL, '2011-12-28 22:52:34', '2011-12-28 22:52:34'),
(215, 229, 1, '1847-10-10', '', '', NULL, 'Wellington', '', 'New Zealand', NULL, '2011-12-28 23:14:28', '2011-12-28 23:14:28'),
(216, 229, 4, '1847-10-11', '', '', NULL, '', '', '', NULL, '2011-12-28 23:14:28', '2011-12-28 23:14:28'),
(217, 230, 6, '1847-10-11', '', '', NULL, 'Ugbrook', 'Devon', 'United Kingdom', NULL, '2011-12-28 23:14:28', '2011-12-28 23:14:28'),
(218, 231, 6, '1847-10-11', '', '', NULL, 'Ickworth', 'York', 'United Kingdom', NULL, '2011-12-28 23:14:28', '2011-12-28 23:14:28'),
(219, 232, 1, '1849-03-22', 'Hawthorne Hill', '', NULL, 'Maidenhead', 'Berkshire', 'United Kingdom', NULL, '2011-12-28 23:14:28', '2011-12-28 23:14:28'),
(220, 232, 4, '1849-03-23', '', '', NULL, '', '', '', NULL, '2011-12-28 23:14:28', '2011-12-28 23:14:28'),
(221, 233, 6, NULL, '', '', NULL, 'Clewer Green', 'Berkshire', 'United Kingdom', NULL, '2011-12-28 23:14:28', '2011-12-28 23:14:28'),
(222, 234, 1, '1851-09-09', '', '', NULL, 'Wellington', '', 'New Zealand', NULL, '2011-12-28 23:14:28', '2011-12-28 23:14:28'),
(223, 234, 4, '1851-09-09', '', '', NULL, '', '', '', NULL, '2011-12-28 23:14:28', '2011-12-28 23:14:28'),
(224, 234, 2, '1855-01-13', '', '', NULL, 'Wellington', '', 'New Zealand', NULL, '2011-12-28 23:14:28', '2011-12-28 23:14:28'),
(225, 234, 4, NULL, 'The Catholic Church', '', NULL, 'Wellington', '', 'New Zealand', NULL, '2011-12-28 23:14:28', '2011-12-28 23:14:28'),
(226, 235, 6, '1851-09-09', '', '', NULL, 'Chideock', 'Dorset', 'United Kingdom', NULL, '2011-12-28 23:14:28', '2011-12-28 23:14:28'),
(227, 236, 6, '1851-09-09', 'Hawthorne Hill', '', NULL, 'Maidenhead', 'Berkshire', 'United Kingdom', NULL, '2011-12-28 23:14:28', '2011-12-28 23:14:28'),
(228, 237, 1, '1853-05-20', '', '', NULL, 'Wellington', '', 'New Zealand', NULL, '2011-12-28 23:14:28', '2011-12-28 23:14:28'),
(229, 237, 4, '1853-05-20', '', '', NULL, '', '', '', NULL, '2011-12-28 23:14:28', '2011-12-28 23:14:28'),
(230, 238, 1, '1854-08-31', '', '', NULL, 'Wellington', '', 'New Zealand', NULL, '2011-12-28 23:14:28', '2011-12-28 23:14:28'),
(231, 238, 4, '1854-09-01', '', '', NULL, '', '', '', NULL, '2011-12-28 23:14:28', '2011-12-28 23:14:28'),
(232, 240, 6, '1854-09-01', 'Hazlewood Castle', '', NULL, 'Hazlewood', 'Yorshire', 'United Kingdom', NULL, '2011-12-28 23:14:28', '2011-12-28 23:14:28'),
(233, 241, 6, '1854-09-01', 'Hawthorne Hill', '', NULL, 'Maidenhead', 'Berkshire', 'United Kingdom', NULL, '2011-12-28 23:14:28', '2011-12-28 23:14:28'),
(234, 242, 1, '1856-12-15', '', '', NULL, 'Wellington', '', 'New Zealand', NULL, '2011-12-28 23:14:28', '2011-12-28 23:14:28'),
(235, 242, 4, '1856-12-15', '', '', NULL, '', '', '', NULL, '2011-12-28 23:14:28', '2011-12-28 23:14:28'),
(236, 244, 6, '1789-12-02', '', '', NULL, 'St Neots', 'Huntingdonshire', 'United Kingdom', NULL, '2011-12-29 10:29:48', '2011-12-29 10:29:48'),
(237, 244, 8, '1787-05-16', '', '', NULL, '', '', '', NULL, '2011-12-29 11:12:48', '2011-12-29 11:12:48'),
(238, 245, 8, '1787-05-16', '', '', NULL, '', '', '', NULL, '2011-12-29 11:12:48', '2011-12-29 11:12:48'),
(239, 246, 8, '1787-05-16', '', '', NULL, '', '', '', NULL, '2011-12-29 11:12:48', '2011-12-29 11:12:48'),
(240, 249, 6, '1789-12-02', '', '', NULL, 'St Neots', 'Huntingdonshire', 'United Kingdom', NULL, '2011-12-29 11:12:48', '2011-12-29 11:12:48'),
(241, 250, 6, '1789-12-01', '', '', NULL, 'St Neots', 'Huntingdonshire', 'United Kingdom', NULL, '2011-12-29 11:12:48', '2011-12-29 11:12:48'),
(242, 251, 6, '1789-12-02', '', '', NULL, 'Eynesbury', 'Huntingdonshire', 'United KIngdom', NULL, '2011-12-29 11:12:48', '2011-12-29 11:12:48'),
(243, 252, 6, '1789-12-02', '', '', NULL, 'Alconbury Weston', 'Huntingdonshire', 'United Kingdom', NULL, '2011-12-29 11:40:13', '2011-12-29 11:42:46'),
(244, 253, 6, '1789-12-02', '', '', NULL, 'Thurleigh', 'Bedfordshire', 'United Kingdom', NULL, '2011-12-29 11:40:13', '2011-12-29 11:42:46'),
(245, 254, 6, '1789-12-02', '', '', NULL, 'Thurleigh', 'Bedfordshire', 'United Kingdom', NULL, '2011-12-29 11:40:13', '2011-12-29 11:42:46'),
(246, 256, 6, '1789-12-02', '', '', NULL, 'St Neots', 'Huntingdonshire', 'United Kingdom', NULL, '2011-12-29 11:40:13', '2011-12-29 11:40:13'),
(247, 257, 6, '1789-12-02', '', '', NULL, 'St Neots', 'Huntingdonshire', 'United Kingdom', NULL, '2011-12-29 11:40:13', '2011-12-29 11:40:13'),
(248, 258, 6, '1789-12-02', '', '', NULL, 'St Neots', 'Huntingdonshire', 'United Kingdom', NULL, '2011-12-29 11:40:13', '2011-12-29 11:40:13'),
(249, 259, 2, '1786-01-01', '', '', NULL, 'Ely', 'Cambridgeshire', 'United Kingdom', NULL, '2012-01-08 17:22:59', '2012-01-08 17:22:59'),
(250, 260, 2, '1786-01-01', '', '', NULL, 'Ely', 'Cambridgeshire', 'United Kingdom', NULL, '2012-01-08 17:22:59', '2012-01-08 17:22:59'),
(251, 261, 2, '1786-01-01', '', '', NULL, 'Ely', 'Cambridgeshire', 'United Kingdom', NULL, '2012-01-08 17:22:59', '2012-01-08 17:22:59'),
(252, 264, 6, '1555-10-16', '', '', NULL, 'Welney', 'Cambridgeshire', 'United Kingdom', NULL, '2012-01-08 17:38:23', '2012-01-08 17:38:23'),
(253, 264, 6, '1555-10-16', '', '', NULL, 'Upwell', 'Cambridgeshire', 'United Kingdom', NULL, '2012-01-08 17:38:23', '2012-01-08 17:38:23'),
(254, 264, 6, '1555-10-16', '', '', NULL, 'Outwell', 'Cambridgeshire', 'United Kingdom', NULL, '2012-01-08 17:38:23', '2012-01-08 17:38:23'),
(255, 264, 2, '1555-10-16', '', '', NULL, 'Ely', 'Cambridgeshire', 'United Kingdom', NULL, '2012-01-08 17:38:23', '2012-01-08 17:38:23'),
(256, 265, 6, '1555-10-16', '', '', NULL, 'Wisbech', 'Cambridgeshire', 'United Kingdom', NULL, '2012-01-08 17:38:23', '2012-01-08 17:38:23'),
(257, 265, 2, '1555-10-16', '', '', NULL, 'Ely', 'Cambridgeshire', 'United Kingdom', NULL, '2012-01-08 17:38:23', '2012-01-08 17:38:23'),
(258, 266, 6, NULL, '39 Market Street', '', NULL, 'Ely', 'Cambridgeshire', 'United Kingdom', NULL, '2012-01-08 17:54:08', '2012-01-08 17:54:08'),
(259, 267, 6, NULL, '39 Market Street', '', NULL, 'Ely', 'Cambridgeshire', 'United Kingdom', NULL, '2012-01-08 17:54:08', '2012-01-08 17:54:08');

-- --------------------------------------------------------

--
-- Table structure for table `schema_migrations`
--

CREATE TABLE IF NOT EXISTS `schema_migrations` (
  `version` varchar(255) NOT NULL,
  PRIMARY KEY (`version`),
  UNIQUE KEY `unique_schema_migrations` (`version`)
) ENGINE=MyISAM DEFAULT CHARSET=latin1;

--
-- Dumping data for table `schema_migrations`
--

INSERT INTO `schema_migrations` (`version`) VALUES
('20111121070039'),
('20111121070042'),
('20111121070045'),
('20111122061024'),
('20111122064314'),
('20111122072452'),
('20111122073624'),
('20111122083515'),
('20111122091254'),
('20111122091602'),
('20111122092117'),
('20111122092711'),
('20111122092715'),
('20111212094846'),
('20111217192401'),
('20120102070600'),
('20120105083530'),
('20120105114332'),
('20120112085449');

-- --------------------------------------------------------

--
-- Table structure for table `statuses`
--

CREATE TABLE IF NOT EXISTS `statuses` (
  `id` int(11) NOT NULL AUTO_INCREMENT,
  `name` varchar(255) DEFAULT NULL,
  `description` text,
  `created_at` datetime DEFAULT NULL,
  `updated_at` datetime DEFAULT NULL,
  PRIMARY KEY (`id`)
) ENGINE=MyISAM  DEFAULT CHARSET=latin1 AUTO_INCREMENT=8 ;

--
-- Dumping data for table `statuses`
--

INSERT INTO `statuses` (`id`, `name`, `description`, `created_at`, `updated_at`) VALUES
(4, 'For Sale', 'Items in this category will be made available for sale on the site', '2011-12-15 20:50:13', '2011-12-15 20:50:13'),
(5, 'Sold', 'Items that are not offered for sale on the site.  These items are still searchable.', '2011-12-15 20:53:18', '2011-12-15 20:53:18'),
(6, 'Display Only', 'Item not offered for sale, but searchable on site.', '2011-12-15 20:54:30', '2012-01-08 17:27:33'),
(7, 'Hidden', 'Items that are hidden from view and are not searchable on the site', '2011-12-15 20:55:01', '2011-12-15 20:55:01');

-- --------------------------------------------------------

--
-- Table structure for table `users`
--

CREATE TABLE IF NOT EXISTS `users` (
  `id` int(11) NOT NULL AUTO_INCREMENT,
  `username` varchar(255) NOT NULL,
  `email` varchar(255) DEFAULT NULL,
  `crypted_password` varchar(255) DEFAULT NULL,
  `salt` varchar(255) DEFAULT NULL,
  `is_admin` tinyint(1) DEFAULT '0',
  `is_active` tinyint(1) DEFAULT '1',
  `first_name` varchar(255) DEFAULT NULL,
  `last_name` varchar(255) DEFAULT NULL,
  `address1` varchar(255) DEFAULT NULL,
  `address2` varchar(255) DEFAULT NULL,
  `city` varchar(255) DEFAULT NULL,
  `county` varchar(255) DEFAULT NULL,
  `post_code` varchar(255) DEFAULT NULL,
  `country` varchar(255) DEFAULT NULL,
  `tel_number` varchar(255) DEFAULT NULL,
  `mobile_number` varchar(255) DEFAULT NULL,
  `date_of_birth` date DEFAULT NULL,
  `created_at` datetime DEFAULT NULL,
  `updated_at` datetime DEFAULT NULL,
  `reset_password_token` varchar(255) DEFAULT NULL,
  `reset_password_token_expires_at` datetime DEFAULT NULL,
  `reset_password_email_sent_at` datetime DEFAULT NULL,
  `last_login_at` datetime DEFAULT NULL,
  `last_logout_at` datetime DEFAULT NULL,
  `last_activity_at` datetime DEFAULT NULL,
  `remember_me_token` varchar(255) DEFAULT NULL,
  `remember_me_token_expires_at` datetime DEFAULT NULL,
  PRIMARY KEY (`id`),
  KEY `index_users_on_last_logout_at_and_last_activity_at` (`last_logout_at`,`last_activity_at`),
  KEY `index_users_on_reset_password_token` (`reset_password_token`),
  KEY `index_users_on_remember_me_token` (`remember_me_token`)
) ENGINE=MyISAM  DEFAULT CHARSET=latin1 AUTO_INCREMENT=4 ;

--
-- Dumping data for table `users`
--

INSERT INTO `users` (`id`, `username`, `email`, `crypted_password`, `salt`, `is_admin`, `is_active`, `first_name`, `last_name`, `address1`, `address2`, `city`, `county`, `post_code`, `country`, `tel_number`, `mobile_number`, `date_of_birth`, `created_at`, `updated_at`, `reset_password_token`, `reset_password_token_expires_at`, `reset_password_email_sent_at`, `last_login_at`, `last_logout_at`, `last_activity_at`, `remember_me_token`, `remember_me_token_expires_at`) VALUES
(1, 'adminuser', 'admin@pastonpaper.com', '$2a$10$yAhk96MZ30Iqy9NJzp5rSOsxAS4bk9PHlWvDtsoR8/cztFqjC3oB2', 'PgcezwyFs4Y25zsi1hya', 1, 1, 'Christian', 'Mayne', '', '', '', '', '', 'United Kingdom', '01799585016', '07980211154', '1971-02-15', '2011-11-28 11:45:58', '2012-01-13 08:42:30', NULL, NULL, NULL, '2012-01-05 21:50:28', '2012-01-05 21:48:42', '2012-01-13 08:42:30', 'z3dSPx8SHxSrvwCV6mjD', '2012-01-12 21:50:28'),
(2, 'bisusubedi', 'bisusubedi@gmail.com', '$2a$10$yC/bEp5.mBa/6c198c96N.44ndRr.F5KErZPVSjQ77cAwgWZTDF6C', 'jLmqcRjRWY8VmdisYUEx', 1, 1, 'Bishnu ', 'Subedi', 'ktm', 'ktm', 'Bagmati', 'Mid', '9778', 'Nepal', '', '9779841659232', '1983-02-08', '2011-11-28 11:55:44', '2011-12-16 07:59:20', NULL, NULL, '2011-12-08 11:24:36', '2011-12-16 07:46:49', '2011-12-08 11:28:09', '2011-12-16 07:59:20', NULL, NULL),
(3, 'christianmayne', 'christian@christian-mayne.net', '$2a$10$o2bIx3IE2i2PBov50WhCieQ/tlrbE.bhXat06QDYgCbhDG2RuWKTO', 'PHYxgvAzEkwCdxTsPvpX', 0, 1, 'Christian', 'Mayne', '63 Toyes Lane', '', 'Burwell', 'Cambridgeshire', 'CB25 0DF', 'United Kingdom', '', '07980211154', '1971-02-15', '2011-12-15 19:09:35', '2011-12-18 21:43:35', NULL, NULL, NULL, '2011-12-15 22:48:23', '2011-12-18 21:43:35', '2011-12-18 21:42:56', NULL, NULL);
